id,title,authors,year,venue,venue_tier,publication_type,official_publication_url,official_pdf_url,arxiv_url,doi,code_url,project_url,abstract,keywords,task_categories,supervision,modality,setting,method_family,backbone,datasets,metrics,main_contributions,limitations,inclusion_reason,related_to_core_tas,pdf_downloaded,local_pdf_path,pdf_sha256,metadata_verified,verification_sources,verification_date,notes,needs_manual_review,review_reason
2026-cvpr-hierarchical-learning-weakly-supervised,Hierarchical Action Learning for Weakly-Supervised Action Segmentation,"[""Junxian Huang"", ""Ruichu Cai"", ""Juntao Fang"", ""Hao Zhu"", ""Boyan Xu"", ""Weilin Chen"", ""Zijian Li"", ""Shenghua Gao""]",2026,CVPR,CCF-A,conference,https://openaccess.thecvf.com/content/CVPR2026/html/Huang_Hierarchical_Action_Learning_for_Weakly-Supervised_Action_Segmentation_CVPR_2026_paper.html,https://openaccess.thecvf.com/content/CVPR2026/papers/Huang_Hierarchical_Action_Learning_for_Weakly-Supervised_Action_Segmentation_CVPR_2026_paper.pdf,,,,,"Humans perceive actions through key transitions that structure actions across multiple abstraction levels, whereas machines, relying on visual features, tend to over-segment. This highlights the difficulty of enabling hierarchical reasoning in video understanding. Interestingly, we observe that lower-level visual and high-level action latent variables evolve at different rates, with low-level visual variables changing rapidly, while high-level action variables evolve more slowly, making them easier to identify. Building on this insight, we propose the Hierarchical Action Learning (HAL) model for weakly-supervised action segmentation. Our approach introduces a hierarchical causal data generation process, where high-level latent action govern the dynamics of low-level visual features. To model these varying timescales effectively, we introduce deterministic processes to align these latent variables over time. The HAL model employs a hierarchical pyramid transformer to capture both visual features and latent variables, and a sparse transition constraint is applied to enforce the slower dynamics of high-level action variables. This mechanism enhances the identification of these latent variables over time. Under mild assumptions, we prove that these latent action variables are strictly identifiable. Experimental results on several benchmarks show that the HAL model significantly outperforms existing methods for weakly-supervised action segmentation, confirming its practical effectiveness in real-world applications.","[""temporal action segmentation""]","[""Temporal Action Segmentation""]","[""weakly-supervised""]","[""I3D-features""]","[""offline"", ""long-video""]","[""Transformer"", ""causal-model""]",unknown,[],"[""Edit"", ""F1@10"", ""F1@25"", ""F1@50"", ""frame accuracy""]",[],"[""See the original paper for scope and assumptions.""]",The paper predicts temporally dense action labels or contiguous semantic action segments and evaluates temporal segmentation.,True,True,library/pdfs/2026_CVPR_Huang_hierarchical_action_learning_for_weakly_supervised_acti.pdf,ad8676424a90b7a4a3c82974c54b1faf1db288f423546205012de4f7feaf2701,True,"[""https://openaccess.thecvf.com/content/CVPR2026/html/Huang_Hierarchical_Action_Learning_for_Weakly-Supervised_Action_Segmentation_CVPR_2026_paper.html""]",2026-07-28,,False,
2026-cvpr-lady-lagrangian-dynamic-informed-network,LaDy: Lagrangian-Dynamic Informed Network for Skeleton-based Action Segmentation via Spatial-Temporal Modulation,"[""Haoyu Ji"", ""Xueting Liu"", ""Yu Gao"", ""Wenze Huang"", ""Zhihao Yang"", ""Weihong Ren"", ""Zhiyong Wang"", ""Honghai Liu""]",2026,CVPR,CCF-A,conference,https://openaccess.thecvf.com/content/CVPR2026/html/Ji_LaDy_Lagrangian-Dynamic_Informed_Network_for_Skeleton-based_Action_Segmentation_via_Spatial-Temporal_CVPR_2026_paper.html,https://openaccess.thecvf.com/content/CVPR2026/papers/Ji_LaDy_Lagrangian-Dynamic_Informed_Network_for_Skeleton-based_Action_Segmentation_via_Spatial-Temporal_CVPR_2026_paper.pdf,,,,,"Skeleton-based Temporal Action Segmentation (STAS) aims to densely parse untrimmed skeletal sequences into frame-level action categories. However, existing methods, while proficient at capturing spatio-temporal kinematics, neglect the underlying physical dynamics that govern human motion. This oversight limits inter-class discriminability between actions with similar kinematics but distinct dynamic intents, and hinders precise boundary localization where dynamic force profiles shift. To address these, we propose the Lagrangian-Dynamic Informed Network (LaDy), a framework integrating principles of Lagrangian dynamics into the segmentation process. Specifically, LaDy first computes generalized coordinates from joint positions and then estimates Lagrangian terms under physical constraints to explicitly synthesize the generalized forces. To further ensure physical coherence, our Energy Consistency Loss enforces the work-energy theorem, aligning kinetic energy change with the work done by the net force. The learned dynamics then drive a Spatio-Temporal Modulation module: Spatially, generalized forces are fused with spatial representations to provide more discriminative semantics. Temporally, salient dynamic signals are constructed for temporal gating, thereby significantly enhancing boundary awareness. Experiments on challenging datasets show that LaDy achieves state-of-the-art performance, validating the integration of physical dynamics for action segmentation. Code is available at https://github.com/HaoyuJi/LaDy.","[""temporal action segmentation""]","[""Skeleton-based Temporal Action Segmentation""]","[""fully-supervised""]","[""skeleton""]","[""offline"", ""long-video""]","[""boundary-modeling""]",unknown,[],"[""Edit"", ""F1@10"", ""F1@25"", ""F1@50"", ""frame accuracy""]",[],"[""See the original paper for scope and assumptions.""]",The paper predicts temporally dense action labels or contiguous semantic action segments and evaluates temporal segmentation.,True,True,library/pdfs/2026_CVPR_Ji_lady_lagrangian_dynamic_informed_network_for_skeleton_b.pdf,7cf81c65f08a28e50b9047b3523c4f3b075c303fe0213abb6f82deba097213ce,True,"[""https://openaccess.thecvf.com/content/CVPR2026/html/Ji_LaDy_Lagrangian-Dynamic_Informed_Network_for_Skeleton-based_Action_Segmentation_via_Spatial-Temporal_CVPR_2026_paper.html""]",2026-07-28,,False,
2026-cvpr-polyphony-diffusion-based-dual-hand,Polyphony: Diffusion-based Dual-Hand Action Segmentation with Alternating Vision Transformer and Semantic Conditioning,"[""Hao Zheng"", ""Hu Wang"", ""Tiantian Zheng"", ""Prajjwal Bhattarai"", ""Tuka Alhanai""]",2026,CVPR,CCF-A,conference,https://openaccess.thecvf.com/content/CVPR2026/html/Zheng_Polyphony_Diffusion-based_Dual-Hand_Action_Segmentation_with_Alternating_Vision_Transformer_and_CVPR_2026_paper.html,https://openaccess.thecvf.com/content/CVPR2026/papers/Zheng_Polyphony_Diffusion-based_Dual-Hand_Action_Segmentation_with_Alternating_Vision_Transformer_and_CVPR_2026_paper.pdf,,,,,"Dual-hand action segmentation, densely predicting actions for both hands from untrimmed videos, is essential for understanding complex bimanual activities. However, it poses several unique challenges: complex inter-hand dependencies, visual asymmetry between hands, representation conflicts where the dominant hand monopolizes gradients, and semantic ambiguity in fine-grained actions. We propose Polyphony, a three-stage method to address these challenges through: (1) an Alternating Dual-Hand Vision Transformer that alternates training between left- and right-hand mini-batches to ensure balanced gradient contributions from both hands while sharing a spatio-temporal encoder; (2) Semantic Feature Conditioning that aligns visual features with structured, compositional action descriptions to enhance discrimination of semantically similar actions; and (3) Diffusion-Based Segmentation with cross-hand feature fusion for inter-hand coordination and adaptive loss weighting for balancing performance. Polyphony achieves state-of-the-art on both dual-hand datasets (HA-ViD, ATTACH) with improvements up to 16.8 points, and on the single-stream Breakfast dataset (82.5%), outperforming the prior best method that uses a 12x larger backbone. Notably, our unified model with a single shared backbone surpasses baselines requiring separate per-hand models. Code is at https://github.com/x-labs-xyz/Polyphony-Dual-hand-Action-Segmentation.","[""temporal action segmentation""]","[""Temporal Action Segmentation""]","[""fully-supervised""]","[""I3D-features""]","[""offline"", ""long-video""]","[""Transformer"", ""diffusion""]",unknown,"[""Breakfast""]","[""Edit"", ""F1@10"", ""F1@25"", ""F1@50"", ""frame accuracy""]",[],"[""See the original paper for scope and assumptions.""]",The paper predicts temporally dense action labels or contiguous semantic action segments and evaluates temporal segmentation.,True,True,library/pdfs/2026_CVPR_Zheng_polyphony_diffusion_based_dual_hand_action_segmentation.pdf,37afbaba2ea4bd9b4e252182fc58f56b6354a993f049138f7548c2ee6914f75e,True,"[""https://openaccess.thecvf.com/content/CVPR2026/html/Zheng_Polyphony_Diffusion-based_Dual-Hand_Action_Segmentation_with_Alternating_Vision_Transformer_and_CVPR_2026_paper.html""]",2026-07-28,,False,
2026-cvpr-spectral-scalpel-amplifying-adjacent-discrepancy,Spectral Scalpel: Amplifying Adjacent Action Discrepancy via Frequency-Selective Filtering for Skeleton-Based Action Segmentation,"[""Haoyu Ji"", ""Bowen Chen"", ""Zhihao Yang"", ""Wenze Huang"", ""Yu Gao"", ""Xueting Liu"", ""Weihong Ren"", ""Zhiyong Wang"", ""Honghai Liu""]",2026,CVPR,CCF-A,conference,https://openaccess.thecvf.com/content/CVPR2026/html/Ji_Spectral_Scalpel_Amplifying_Adjacent_Action_Discrepancy_via_Frequency-Selective_Filtering_for_CVPR_2026_paper.html,https://openaccess.thecvf.com/content/CVPR2026/papers/Ji_Spectral_Scalpel_Amplifying_Adjacent_Action_Discrepancy_via_Frequency-Selective_Filtering_for_CVPR_2026_paper.pdf,,,,,"Skeleton-based Temporal Action Segmentation (STAS) seeks to densely segment and classify diverse actions within long, untrimmed skeletal motion sequences. However, existing STAS methodologies face challenges of limited inter-class discriminability and blurred segmentation boundaries, primarily due to insufficient distinction of spatio-temporal patterns between adjacent actions. To address these limitations, we propose Spectral Scalpel, a frequency-selective filtering framework aimed at suppressing shared frequency components between adjacent distinct actions while amplifying their action-specific frequencies, thereby enhancing inter-action discrepancies and sharpening transition boundaries. Specifically, Spectral Scalpel employs adaptive multi-scale spectral filters as scalpels to edit frequency spectra, coupled with a discrepancy loss between adjacent actions serving as the surgical objective. This design amplifies representational disparities between neighboring actions, effectively mitigating boundary localization ambiguities and inter-class confusion. Furthermore, complementing long-term temporal modeling, we introduce a frequency-aware channel mixer to strengthen channel evolution by aggregating spectra across channels. This work presents a novel paradigm for STAS that extends conventional spatio-temporal modeling by incorporating frequency-domain analysis. Extensive experiments on five public datasets demonstrate that Spectral Scalpel achieves state-of-the-art performance. Code is available at https://github.com/HaoyuJi/SpecScalpel.","[""temporal action segmentation""]","[""Skeleton-based Temporal Action Segmentation""]","[""fully-supervised""]","[""skeleton""]","[""offline"", ""long-video""]","[""boundary-modeling""]",unknown,[],"[""Edit"", ""F1@10"", ""F1@25"", ""F1@50"", ""frame accuracy""]",[],"[""See the original paper for scope and assumptions.""]",The paper predicts temporally dense action labels or contiguous semantic action segments and evaluates temporal segmentation.,True,True,library/pdfs/2026_CVPR_Ji_spectral_scalpel_amplifying_adjacent_action_discrepancy.pdf,437cc9f5d13fc820ea16c73a3562ad22c433962a040c685f0d89b5c213649f80,True,"[""https://openaccess.thecvf.com/content/CVPR2026/html/Ji_Spectral_Scalpel_Amplifying_Adjacent_Action_Discrepancy_via_Frequency-Selective_Filtering_for_CVPR_2026_paper.html""]",2026-07-28,,False,
2026-cvpr-workshop-combining-boundary-supervision-segment-level,Combining Boundary Supervision and Segment-Level Regularization for Fine-Grained Action Segmentation,"[""Hinako Mitsuoka"", ""Kazuhiro Hotta""]",2026,CVPR Workshop,Extended-Vision,conference,https://openaccess.thecvf.com/content/CVPR2026W/SAUAFG/html/Mitsuoka_Combining_Boundary_Supervision_and_Segment-Level_Regularization_for_Fine-Grained_Action_Segmentation_CVPRW_2026_paper.html,https://openaccess.thecvf.com/content/CVPR2026W/SAUAFG/papers/Mitsuoka_Combining_Boundary_Supervision_and_Segment-Level_Regularization_for_Fine-Grained_Action_Segmentation_CVPRW_2026_paper.pdf,https://arxiv.org/abs/2604.01859,,,,unknown,"[""temporal action segmentation""]","[""Temporal Action Segmentation""]","[""fully-supervised""]","[""unknown""]","[""offline"", ""long-video""]","[""boundary-modeling""]",unknown,[],"[""Edit"", ""F1@10"", ""F1@25"", ""F1@50"", ""frame accuracy""]",[],"[""See the original paper for scope and assumptions.""]",The paper predicts temporally dense action labels or contiguous semantic action segments and evaluates temporal segmentation.,True,True,library/pdfs/2026_CVPRWorkshop_Mitsuoka_combining_boundary_supervision_and_segment_level_regula.pdf,c714861b4788d0bd2915815a3102e09d1f4b797081e9196d36ab78ea6ce22955,True,"[""https://openaccess.thecvf.com/content/CVPR2026W/SAUAFG/html/Mitsuoka_Combining_Boundary_Supervision_and_Segment-Level_Regularization_for_Fine-Grained_Action_Segmentation_CVPRW_2026_paper.html""]",2026-07-28,"Official workshop paper; kept in the extended list, not the main-conference core count.",False,
2026-icra-m2r2-multimodal-robotic-representation,M2R2: MultiModal Robotic Representation for Temporal Action Segmentation,"[""Daniel Sliwowski"", ""Dongheui Lee""]",2026,ICRA,Robotics-Embodied,conference,https://dsliwowski1.github.io/,https://arxiv.org/pdf/2504.18662,https://arxiv.org/abs/2504.18662,,,,unknown,"[""temporal action segmentation""]","[""Temporal Action Segmentation""]","[""fully-supervised""]","[""multimodal""]","[""offline"", ""embodied"", ""long-video""]","[""multimodal"", ""prototype-learning""]",unknown,[],"[""Edit"", ""F1@10"", ""F1@25"", ""F1@50"", ""frame accuracy""]",[],"[""See the original paper for scope and assumptions.""]",The paper predicts temporally dense action labels or contiguous semantic action segments and evaluates temporal segmentation.,True,True,library/pdfs/2026_ICRA_Sliwowski_m2r2_multimodal_robotic_representation_for_temporal_act.pdf,d31edcb34efe520ec78e4b9c536293daa282d04bfea05f0d6b213725b1c46c89,True,"[""https://dsliwowski1.github.io/""]",2026-07-28,,False,
2026-preprint-atlas-annotation-tool-long-horizon,ATLAS: An Annotation Tool for Long-horizon Robotic Action Segmentation,"[""Sergej Stanovcic"", ""Daniel Sliwowski"", ""Dongheui Lee""]",2026,Preprint,Preprint,preprint,,https://arxiv.org/pdf/2604.26637,https://arxiv.org/abs/2604.26637,,,,"Annotating long-horizon robotic demonstrations with precise temporal action boundaries is crucial for training and evaluating action segmentation and manipulation policy learning methods. Existing annotation tools, however, are often limited: they are designed primarily for vision-only data, do not natively support synchronized visualization of robot-specific time-series signals (e.g., gripper state or force/torque), or require substantial effort to adapt to different dataset formats. In this paper, we introduce ATLAS, an annotation tool tailored for long-horizon robotic action segmentation. ATLAS provides time-synchronized visualization of multi-modal robotic data, including multi-view video and proprioceptive signals, and supports annotation of action boundaries, action labels, and task outcomes. The tool natively handles widely used robotics dataset formats such as ROS bags and the Reinforcement Learning Dataset (RLDS) format, and provides direct support for specific datasets such as REASSEMBLE. ATLAS can be easily extended to new formats via a modular dataset abstraction layer. Its keyboard-centric interface minimizes annotation effort and improves efficiency. In experiments on a contact-rich assembly task, ATLAS reduced the average per-action annotation time by at least 6% compared to ELAN, while the inclusion of time-series data improved temporal alignment with expert annotations by more than 2.8% and decreased boundary error fivefold compared to vision-only annotation tools.","[""temporal action segmentation""]","[""Temporal Action Segmentation""]","[""fully-supervised""]","[""multimodal""]","[""offline"", ""long-video""]","[""boundary-modeling""]",unknown,[],"[""Edit"", ""F1@10"", ""F1@25"", ""F1@50"", ""frame accuracy""]",[],"[""See the original paper for scope and assumptions.""]",The paper predicts temporally dense action labels or contiguous semantic action segments and evaluates temporal segmentation.,True,True,library/pdfs/2026_Preprint_Stanovcic_atlas_an_annotation_tool_for_long_horizon_robotic_actio.pdf,d58694bb5a37af9609822aaf9bf369c4f832d2c7103978f9074ec1b2271957d7,False,"[""https://arxiv.org/abs/2604.26637""]",2026-07-28,"arXiv 2604.26637; first submitted 2026-04-29; last updated 2026-04-29; comment=7 pages, 2 figures, 2 tables; journal_ref=none. No formal conference proceedings placement has been verified.",True,Direct TAS arXiv hit; formal publication status requires first-party proceedings verification.
2026-preprint-adaptive-latent-trajectory-anchoring-dataset,Adaptive Latent Trajectory Anchoring for Action Segmentation Dataset Condensation,"[""Artheme Gauthier-Villar"", ""Guodong Ding"", ""Angela Yao""]",2026,Preprint,Preprint,preprint,,https://arxiv.org/pdf/2607.09081,https://arxiv.org/abs/2607.09081,,,,"Dataset condensation for action segmentation synthesizes compact, informative representations of long, untrimmed video datasets. The existing approach relies on Variational Autoencoders and an iterative latent optimization; it is computationally expensive and suffers from over-smoothed reconstructions and rigid temporal constraints. This paper proposes to shift the condensation paradigm from optimization-based inversion to deterministic latent mapping. By leveraging Denoising Diffusion Implicit Models, we represent action segments as continuous trajectories anchored by sparse latent points in the noise manifold. To maximize representational efficiency, we introduce an adaptive allocation mechanism that dynamically redistributes the anchoring budget based on segment-wise reconstruction difficulty. Extensive experiments demonstrate that our framework significantly outperforms state-of-the-art methods in segmentation performance across common datasets. Notably, our approach achieves performance parity with real data training while maintaining a condensation ratio of 2.4\% on Breakfast dataset.","[""temporal action segmentation""]","[""Temporal Action Segmentation""]","[""fully-supervised""]","[""unknown""]","[""offline"", ""long-video""]","[""diffusion"", ""dataset-condensation""]",unknown,"[""Breakfast""]","[""Edit"", ""F1@10"", ""F1@25"", ""F1@50"", ""frame accuracy""]",[],"[""See the original paper for scope and assumptions.""]",The paper predicts temporally dense action labels or contiguous semantic action segments and evaluates temporal segmentation.,True,True,library/pdfs/2026_Preprint_Gauthier-Villar_adaptive_latent_trajectory_anchoring_for_action_segment.pdf,47e2d1bce8792d0a66581c3f0a762250fe557d2e4942d5f794a93c52781c6a89,False,"[""https://arxiv.org/abs/2607.09081""]",2026-07-28,"arXiv 2607.09081; first submitted 2026-07-10; last updated 2026-07-10; comment=16 pages, 5 figures, accepted to ECCV 2026; journal_ref=none. No formal conference proceedings placement has been verified.",True,Direct TAS arXiv hit; formal publication status requires first-party proceedings verification.
2026-preprint-boundary-centric-clip-budgeted-active,Boundary-Centric Clip-Budgeted Active Learning for Temporal Action Segmentation,"[""Halil Ismail Helvaci"", ""Sen-ching Samson Cheung""]",2026,Preprint,Preprint,preprint,,https://arxiv.org/pdf/2604.15173,https://arxiv.org/abs/2604.15173,,,,"Temporal action segmentation (TAS) in untrimmed videos requires dense temporal supervision. However, most of the annotation cost is spent identifying action transitions where segmentation errors concentrate and small temporal shifts can disproportionately degrade segment-level metrics. We introduce B-ACT, a clip-budgeted active learning framework that explicitly allocates supervision to these error-prone boundary regions. B-ACT operates in a hierarchical two-stage loop: (i) it ranks and queries unlabeled videos using predictive uncertainty, and (ii) within each selected video, it detects candidate transitions from the current model predictions and selects the top-$K$ boundaries via a novel boundary score. The boundary score fuses neighborhood uncertainty, class ambiguity, and temporal prediction dynamics to reveal the underlying importance of each frame. Importantly, our annotation protocol requests labels only at the boundary frames while still training on boundary-centered clips to exploit temporal context through the model's receptive field. Extensive experiments on GTEA, 50Salads, and Breakfast demonstrate that boundary-centric supervision delivers strong label efficiency and consistently surpasses representative TAS active learning baselines and prior state of the art under sparse budgets. Gains are largest on datasets where performance is highly sensitive to boundary placement, as measured by edit and overlap-based F1 metrics.","[""temporal action segmentation""]","[""Temporal Action Segmentation""]","[""fully-supervised""]","[""unknown""]","[""offline"", ""long-video""]","[""boundary-modeling""]",unknown,"[""Breakfast"", ""50Salads"", ""GTEA""]","[""Edit"", ""F1@10"", ""F1@25"", ""F1@50"", ""frame accuracy""]",[],"[""See the original paper for scope and assumptions.""]",The paper predicts temporally dense action labels or contiguous semantic action segments and evaluates temporal segmentation.,True,True,library/pdfs/2026_Preprint_Helvaci_boundary_centric_clip_budgeted_active_learning_for_temp.pdf,812b9d3f95cf745ecd44b412324602c8c291e3e32a86477ee0323a85347af931,False,"[""https://arxiv.org/abs/2604.15173""]",2026-07-28,arXiv 2604.15173; first submitted 2026-04-16; last updated 2026-06-12; comment=none; journal_ref=none. No formal conference proceedings placement has been verified.,True,Direct TAS arXiv hit; formal publication status requires first-party proceedings verification.
2026-preprint-data-efficient-surgical-phase-small,Data-Efficient Surgical Phase Segmentation in Small-Incision Cataract Surgery: A Controlled Study of Vision Foundation Models,"[""Lincoln Spencer"", ""Song Wang"", ""Chen Chen""]",2026,Preprint,Preprint,preprint,,https://arxiv.org/pdf/2604.10514,https://arxiv.org/abs/2604.10514,,,,"Surgical phase segmentation is central to computer-assisted surgery, yet robust models remain difficult to develop when labeled surgical videos are scarce. We study data-efficient phase segmentation for manual small-incision cataract surgery (SICS) through a controlled comparison of visual representations. To isolate representation quality, we pair each visual encoder with the same temporal model (MS-TCN++) under identical training and evaluation settings on SICS-155 (19 phases). We compare supervised encoders (ResNet-50, I3D) against large self-supervised foundation models (DINOv3, V-JEPA2), and use a cached-feature pipeline that decouples expensive visual encoding from lightweight temporal learning. Foundation-model features improve segmentation performance in this setup, with DINOv3 ViT-7B achieving the best overall results (83.4% accuracy, 87.0 edit score). We further examine cataract-domain transfer using unlabeled videos and lightweight adaptation, and analyze when it helps or hurts. Overall, the study indicates strong transferability of modern vision foundation models to surgical workflow understanding and provides practical guidance for low-label medical video settings. The project website is available at: https://sl2005.github.io/DataEfficient-sics-phase-seg/","[""temporal action segmentation""]","[""Temporal Action Segmentation""]","[""self-supervised""]","[""I3D-features""]","[""offline"", ""long-video""]","[""unknown""]",unknown,[],"[""Edit"", ""F1@10"", ""F1@25"", ""F1@50"", ""frame accuracy""]",[],"[""See the original paper for scope and assumptions.""]",The paper predicts temporally dense action labels or contiguous semantic action segments and evaluates temporal segmentation.,True,True,library/pdfs/2026_Preprint_Spencer_data_efficient_surgical_phase_segmentation_in_small_inc.pdf,8736b16d08b887d090cc917f20ec701c3204d424bd905923ad1d09e4663541dd,False,"[""https://arxiv.org/abs/2604.10514""]",2026-07-28,arXiv 2604.10514; first submitted 2026-04-12; last updated 2026-04-12; comment=none; journal_ref=none. No formal conference proceedings placement has been verified.,True,Direct TAS arXiv hit; formal publication status requires first-party proceedings verification.
2026-preprint-deep-kernel-approximation-unsupervised,Deep kernel video approximation for unsupervised action segmentation,"[""Silvia L. Pintea"", ""Jouke Dijkstra""]",2026,Preprint,Preprint,preprint,,https://arxiv.org/pdf/2604.21572,https://arxiv.org/abs/2604.21572,,,,"This work focuses on per-video unsupervised action segmentation, which is of interest to applications where storing large datasets is either not possible, or nor permitted. We propose to segment videos by learning in deep kernel space, to approximate the underlying frame distribution, as closely as possible. To define this closeness metric between the original video distribution and its approximation, we rely on maximum mean discrepancy (MMD) which is a geometry-preserving metric in distribution space, and thus gives more reliable estimates. Moreover, unlike the commonly used optimal transport metric, MMD is both easier to optimize, and faster. We choose to use neural tangent kernels (NTKs) to define the kernel space where MMD operates, because of their improved descriptive power as opposed to fixed kernels. And, also, because NTKs sidestep the trivial solution, when jointly learning the inputs (video approximation) and the kernel function. Finally, we show competitive results when compared to state-of-the-art per-video methods, on six standard benchmarks. Additionally, our method has higher F1 scores than prior agglomerative work, when the number of segments is unknown.","[""temporal action segmentation""]","[""Temporal Action Segmentation""]","[""unsupervised""]","[""IMU""]","[""offline"", ""long-video""]","[""optimal-transport""]",unknown,[],"[""Edit"", ""F1@10"", ""F1@25"", ""F1@50"", ""frame accuracy""]",[],"[""See the original paper for scope and assumptions.""]",The paper predicts temporally dense action labels or contiguous semantic action segments and evaluates temporal segmentation.,True,True,library/pdfs/2026_Preprint_Pintea_deep_kernel_video_approximation_for_unsupervised_action.pdf,69101dd02d265f0346d8782b4852dd3ead6287c68d3ec5ce77007c0b927f506e,False,"[""https://arxiv.org/abs/2604.21572""]",2026-07-28,arXiv 2604.21572; first submitted 2026-04-23; last updated 2026-04-23; comment=Accepted at ICPR 2026; journal_ref=none. No formal conference proceedings placement has been verified.,True,Direct TAS arXiv hit; formal publication status requires first-party proceedings verification.
2026-preprint-ego-metas-egocentric-online-multimodal,Ego-METAS: Egocentric online Multimodal Energy-efficient Temporal Action Segmentation benchmark,"[""Maria Santos-Villafranca"", ""Jesus Bermudez-cameo"", ""Alejandro Perez-Yus"", ""Giovanni Maria Farinella"", ""Antonino Furnari""]",2026,Preprint,Preprint,preprint,,https://arxiv.org/pdf/2606.02246,https://arxiv.org/abs/2606.02246,,,,"To operate in the physical world, embodied agents must perceive their environment in an ""always-on"" fashion, selectively accessing the most informative sensors to balance energy constraints and task accuracy. Despite its importance for resource-constrained devices, energy-aware perception remains under-explored, with most prior work assuming unlimited compute. To address this, we introduce Ego-METAS: the first Egocentric online Multimodal Energy-efficient Temporal Action Segmentation benchmark. Ego-METAS provides a unified testbed of more than 100 hours of untrimmed egocentric video from EgoExo4D, CMU-MMAC, and CaptainCook4D, spanning 5 modalities (RGB, audio, gaze, IMU, and monochrome camera). We formulate an online temporal action segmentation task where models must dynamically select which sensors to activate at each timestep while strictly adhering to hardware-representative energy budgets. Alongside the benchmark, we release unified splits, cleaned annotations, pre-extracted features, and a diverse suite of baseline routing policies. Our evaluations show that optimal routing is highly scenario-dependent, and that existing policy-learning methods, designed primarily for trimmed clips, struggle to adapt to continuous, untrimmed environments. However, even simple dynamic fusion of complementary modalities (e.g., via random routing) proves critical for balancing predictive accuracy against strict energy budgets. Ultimately, Ego-METAS provides a standardized foundation to develop robust, cost-aware policies for autonomous, always-on embodied AI.","[""temporal action segmentation""]","[""Temporal Action Segmentation""]","[""fully-supervised""]","[""multimodal"", ""RGB"", ""audio"", ""gaze"", ""IMU""]","[""egocentric"", ""long-video"", ""online"", ""streaming""]","[""unknown""]",unknown,"[""EgoExo4D"", ""CMU-MMAC"", ""CaptainCook4D""]","[""Edit"", ""F1@10"", ""F1@25"", ""F1@50"", ""frame accuracy""]",[],"[""See the original paper for scope and assumptions.""]",The paper predicts temporally dense action labels or contiguous semantic action segments and evaluates temporal segmentation.,True,True,library/pdfs/2026_Preprint_Santos-Villafranca_ego_metas_egocentric_online_multimodal_energy_efficient.pdf,95caed99582e70fe273d549064ae88be6b6491898a4149c0dc7804ae8e41be2e,False,"[""https://arxiv.org/abs/2606.02246""]",2026-07-28,arXiv 2606.02246; first submitted 2026-05-29; last updated 2026-05-29; comment=Project Page: https://maria-sanvil.github.io/Ego-METAS-website/; journal_ref=none. No formal conference proceedings placement has been verified.,True,Direct TAS arXiv hit; formal publication status requires first-party proceedings verification.
2026-preprint-exploring-vision-language-models-open,Exploring Vision-Language Models for Open-Vocabulary Zero-Shot Action Segmentation,"[""Asim Unmesh"", ""Kaki Ramesh"", ""Mayank Patel"", ""Rahul Jain"", ""Karthik Ramani""]",2026,Preprint,Preprint,preprint,,https://arxiv.org/pdf/2602.21406,https://arxiv.org/abs/2602.21406,,,,"Temporal Action Segmentation (TAS) requires dividing videos into action segments, yet the vast space of activities and alternative breakdowns makes collecting comprehensive datasets infeasible. Existing methods remain limited to closed vocabularies and fixed label sets. In this work, we explore the largely unexplored problem of Open-Vocabulary Zero-Shot Temporal Action Segmentation (OVTAS) by leveraging the strong zero-shot capabilities of Vision-Language Models (VLMs). We introduce a training-free pipeline that follows a segmentation-by-classification design: Frame-Action Embedding Similarity (FAES) matches video frames to candidate action labels, and Similarity-Matrix Temporal Segmentation (SMTS) enforces temporal consistency. Beyond proposing OVTAS, we present a systematic study across 14 diverse VLMs, providing the first broad analysis of their suitability for open-vocabulary action segmentation. Experiments on standard benchmarks show that OVTAS achieves strong results without task-specific supervision, underscoring the potential of VLMs for structured temporal understanding.","[""temporal action segmentation""]","[""Temporal Action Segmentation""]","[""zero-shot""]","[""video-language""]","[""long-video"", ""offline"", ""open-vocabulary""]","[""unknown""]",unknown,[],"[""Edit"", ""F1@10"", ""F1@25"", ""F1@50"", ""frame accuracy""]",[],"[""See the original paper for scope and assumptions.""]",The paper predicts temporally dense action labels or contiguous semantic action segments and evaluates temporal segmentation.,True,True,library/pdfs/2026_Preprint_Unmesh_exploring_vision_language_models_for_open_vocabulary_ze.pdf,018005389a316b974ae793d4daee146fd9eff8c8bd72b41bf98032fe29395d7d,False,"[""https://arxiv.org/abs/2602.21406""]",2026-07-28,arXiv 2602.21406; first submitted 2026-02-24; last updated 2026-02-24; comment=ICRA 2026; journal_ref=none. No formal conference proceedings placement has been verified.,True,Direct TAS arXiv hit; formal publication status requires first-party proceedings verification.
2026-preprint-fine-grained-renorrhaphy-robot-assisted,Fine-Grained Action Segmentation for Renorrhaphy in Robot-Assisted Partial Nephrectomy,"[""Jiaheng Dai"", ""Huanrong Liu"", ""Tailai Zhou"", ""Tongyu Jia"", ""Qin Liu"", ""Yutong Ban"", ""Zeju Li"", ""Yu Gao"", ""Xin Ma"", ""Qingbiao Li""]",2026,Preprint,Preprint,preprint,,https://arxiv.org/pdf/2604.09051,https://arxiv.org/abs/2604.09051,,,,"Fine-grained action segmentation during renorrhaphy in robot-assisted partial nephrectomy requires frame-level recognition of visually similar suturing gestures with variable duration and substantial class imbalance. The SIA-RAPN benchmark defines this problem on 50 clinical videos acquired with the da Vinci Xi system and annotated with 12 frame-level labels. The benchmark compares four temporal models built on I3D features: MS-TCN++, AsFormer, TUT, and DiffAct. Evaluation uses balanced accuracy, edit score, segmental F1 at overlap thresholds of 10, 25, and 50, frame-wise accuracy, and frame-wise mean average precision. In addition to the primary evaluation across five released split configurations on SIA-RAPN, the benchmark reports cross-domain results on a separate single-port RAPN dataset. Across the strongest reported values over those five runs on the primary dataset, DiffAct achieves the highest F1, frame-wise accuracy, edit score, and frame mAP, while MS-TCN++ attains the highest balanced accuracy.","[""temporal action segmentation""]","[""Temporal Action Segmentation""]","[""fully-supervised""]","[""I3D-features""]","[""offline"", ""long-video""]","[""duration-modeling""]",unknown,[],"[""Edit"", ""F1@10"", ""F1@25"", ""F1@50"", ""frame accuracy""]",[],"[""See the original paper for scope and assumptions.""]",The paper predicts temporally dense action labels or contiguous semantic action segments and evaluates temporal segmentation.,True,True,library/pdfs/2026_Preprint_Dai_fine_grained_action_segmentation_for_renorrhaphy_in_rob.pdf,65dd029e8ba5020d59f84d13fbb4338b57aea6f0efeb4c382b9db677a05eb48f,False,"[""https://arxiv.org/abs/2604.09051""]",2026-07-28,arXiv 2604.09051; first submitted 2026-04-10; last updated 2026-04-10; comment=none; journal_ref=none. No formal conference proceedings placement has been verified.,True,Direct TAS arXiv hit; formal publication status requires first-party proceedings verification.
2026-preprint-hoi-aware-adaptive-network-weakly,HOI-aware Adaptive Network for Weakly-supervised Action Segmentation,"[""Runzhong Zhang"", ""Suchen Wang"", ""Yueqi Duan"", ""Yansong Tang"", ""Yue Zhang"", ""Yap-Peng Tan""]",2026,Preprint,Preprint,preprint,,https://arxiv.org/pdf/2604.26227,https://arxiv.org/abs/2604.26227,10.24963/ijcai.2023/191,,,"In this paper, we propose an HOI-aware adaptive network named AdaAct for weakly-supervised action segmentation. Most existing methods learn a fixed network to predict the action of each frame with the neighboring frames. However, this would result in ambiguity when estimating similar actions, such as pouring juice and pouring coffee. To address this, we aim to exploit temporally global but spatially local human-object interactions (HOI) as video-level prior knowledge for action segmentation. The long-term HOI sequence provides crucial contextual information to distinguish ambiguous actions, where our network dynamically adapts to the given HOI sequence at test time. More specifically, we first design a video HOI encoder that extracts, selects, and integrates the most representative HOI throughout the video. Then, we propose a two-branch HyperNetwork to learn an adaptive temporal encoder, which automatically adjusts the parameters based on the HOI information of various videos on the fly. Extensive experiments on two widely-used datasets including Breakfast and 50Salads demonstrate the effectiveness of our method under different evaluation metrics.","[""temporal action segmentation""]","[""Temporal Action Segmentation""]","[""weakly-supervised""]","[""unknown""]","[""offline"", ""long-video""]","[""unknown""]",unknown,"[""Breakfast"", ""50Salads""]","[""Edit"", ""F1@10"", ""F1@25"", ""F1@50"", ""frame accuracy""]",[],"[""See the original paper for scope and assumptions.""]",The paper predicts temporally dense action labels or contiguous semantic action segments and evaluates temporal segmentation.,True,True,library/pdfs/2026_Preprint_Zhang_hoi_aware_adaptive_network_for_weakly_supervised_action.pdf,b795f6b10ffae738c3b6a80d196aad69e690533f1ffee798bfe622af4d27211a,False,"[""https://arxiv.org/abs/2604.26227""]",2026-07-28,arXiv 2604.26227; first submitted 2026-04-29; last updated 2026-04-29; comment=Accepted to IJCAI 2023; journal_ref=none. No formal conference proceedings placement has been verified.,True,Direct TAS arXiv hit; formal publication status requires first-party proceedings verification.
2026-preprint-impact-scribe-interactive-boundary-scribbles,IMPACT-Scribe: Interactive Temporal Action Segmentation with Boundary Scribbles and Query Planning,"[""Qian Yin"", ""Di Wen"", ""Kunyu Peng"", ""David Schneider"", ""Zeyun Zhong"", ""Alexander Jaus"", ""Zdravko Marinov"", ""Jiale Wei"", ""Ruiping Liu"", ""Junwei Zheng"", ""Yufan Chen"", ""Chen Zhang"", ""Lei Qi"", ""Rainer Stiefelhagen""]",2026,Preprint,Preprint,preprint,,https://arxiv.org/pdf/2605.01668,https://arxiv.org/abs/2605.01668,,,,"Dense temporal annotation of procedural activity videos is vital for action understanding and embodied intelligence but remains labor-intensive due to reactive tools. Each correction is treated as an isolated edit, limiting reuse of information on annotator uncertainty and model reliability. We introduce IMPACT-Scribe, a correction-driven framework for dense labeling that uses each correction to improve future human-machine collaboration. IMPACT-Scribe combines uncertainty-aware boundary scribble supervision, local proposal modeling, cost-aware query planning, structured propagation, and correction-driven adaptation. Experiments and a human study show that this closed-loop design improves labeling quality per effort, enhances boundary accuracy, and fosters better human-machine interaction over time. The code will be made publicly available at https://github.com/BanzQians/IMPACT_AS.","[""temporal action segmentation""]","[""Temporal Action Segmentation""]","[""fully-supervised""]","[""unknown""]","[""offline"", ""long-video""]","[""boundary-modeling""]",unknown,[],"[""Edit"", ""F1@10"", ""F1@25"", ""F1@50"", ""frame accuracy""]",[],"[""See the original paper for scope and assumptions.""]",The paper predicts temporally dense action labels or contiguous semantic action segments and evaluates temporal segmentation.,True,True,library/pdfs/2026_Preprint_Yin_impact_scribe_interactive_temporal_action_segmentation.pdf,d1dccd0c65ec86cc09283c26c6aefa64405c20d4d6ee56cfd2e0adff576437c7,False,"[""https://arxiv.org/abs/2605.01668""]",2026-07-28,"arXiv 2605.01668; first submitted 2026-05-03; last updated 2026-05-03; comment=7 pages, 4 figures. Code is available at https://github.com/BanzQians/IMPACT_AS; journal_ref=none. No formal conference proceedings placement has been verified.",True,Direct TAS arXiv hit; formal publication status requires first-party proceedings verification.
2026-preprint-improving-constraint-aware-decoding,Improving Temporal Action Segmentation via Constraint-Aware Decoding,"[""Yeo Keat Ee"", ""Debaditya Roy"", ""Chen Li"", ""Hao Zhang"", ""Basura Fernando""]",2026,Preprint,Preprint,preprint,,https://arxiv.org/pdf/2605.10149,https://arxiv.org/abs/2605.10149,,,,"Temporal action segmentation (TAS) divides untrimmed videos into labeled action segments. While fully supervised methods have advanced the field, challenges such as action variability, ambiguous boundaries, and high annotation costs remain, especially in new or low-resource domains. Grammar-based approaches improve segmentation with structural priors but rely on complex parsing limiting scalability. In this work, we propose a lightweight, constraint-based refinement framework that enhances TAS predictions by integrating statistical structural priors such as transition confidence, action boundary sets, and per-class duration, that can be directly extracted from annotated data. These constraints are integrated into a modified Viterbi decoding algorithm, allowing inference-time refinement without retraining or added model complexity. Our approach improves both fully and semi-supervised TAS models by correcting structural prediction errors while maintaining high efficiency. Code is available at https://github.com/LUNAProject22/CAD","[""temporal action segmentation""]","[""Temporal Action Segmentation""]","[""semi-supervised""]","[""unknown""]","[""offline"", ""long-video""]","[""boundary-modeling"", ""duration-modeling"", ""structured-decoding""]",unknown,[],"[""Edit"", ""F1@10"", ""F1@25"", ""F1@50"", ""frame accuracy""]",[],"[""See the original paper for scope and assumptions.""]",The paper predicts temporally dense action labels or contiguous semantic action segments and evaluates temporal segmentation.,True,True,library/pdfs/2026_Preprint_Ee_improving_temporal_action_segmentation_via_constraint_a.pdf,df1f9d9638b545e7a4b5f1ca9eb7fa6ccb8f49de856639d0963daee8251bfa79,False,"[""https://arxiv.org/abs/2605.10149""]",2026-07-28,arXiv 2605.10149; first submitted 2026-05-11; last updated 2026-05-11; comment=accepted to ICPR 2026; journal_ref=none. No formal conference proceedings placement has been verified.,True,Direct TAS arXiv hit; formal publication status requires first-party proceedings verification.
2026-preprint-learning-probabilistic-embeddings-unsupervised,Learning Probabilistic Embeddings for Unsupervised Action Segmentation,"[""Shuai Li"", ""Duc Manh Vu"", ""Juergen Gall""]",2026,Preprint,Preprint,preprint,,https://arxiv.org/pdf/2607.05263,https://arxiv.org/abs/2607.05263,,,,"This paper concerns the problem of unsupervised temporal action segmentation for long, untrimmed videos. Recent successful approaches follow a joint representation learning and clustering paradigm, where optimal transport (OT) is adopted to produce pseudo labels for learning frame representations. These approaches alternate between estimating pseudo labels using OT and optimizing the parameters with gradient descent during training, where OT is used for obtaining the final temporal action segmentation. A major limitation of these works is that they learn a deterministic embedding for frame representations. The iterative procedure between learning deterministic embeddings based on pseudo labels and estimating pseudo labels from the learned embedding can thus get quickly stuck in a local optimum. As an alternative, we thus propose to learn a probabilistic embedding for frame representations. The embeddings are modeled by Gaussian distributions and we sample from the distributions before estimating the pseudo labels. We evaluate our approach on several challenging temporal action segmentation datasets and achieve results comparable to, and in some cases, better than the state of the art. Compared to baselines with deterministic embeddings, our approach improves MoF up to 20.7\% and F1-score up to 19.0\%. Our code is available at https://github.com/derkbreeze/PEOT.","[""temporal action segmentation""]","[""Temporal Action Segmentation""]","[""unsupervised""]","[""IMU""]","[""offline"", ""long-video""]","[""optimal-transport"", ""clustering""]",unknown,[],"[""Edit"", ""F1@10"", ""F1@25"", ""F1@50"", ""frame accuracy""]",[],"[""See the original paper for scope and assumptions.""]",The paper predicts temporally dense action labels or contiguous semantic action segments and evaluates temporal segmentation.,True,True,library/pdfs/2026_Preprint_Li_learning_probabilistic_embeddings_for_unsupervised_acti.pdf,d3a57f49c857eb00e84e25a2ced21a8f5cdfeb8585bdccf7625fd6799267e361,False,"[""https://arxiv.org/abs/2607.05263""]",2026-07-28,arXiv 2607.05263; first submitted 2026-07-06; last updated 2026-07-06; comment=ECCV2026; journal_ref=none. No formal conference proceedings placement has been verified.,True,Direct TAS arXiv hit; formal publication status requires first-party proceedings verification.
2026-preprint-point-supervised-skeleton-based-human,Point-Supervised Skeleton-Based Human Action Segmentation,"[""Hongsong Wang"", ""Yiqin Shen"", ""Pengbo Yan"", ""Jie Gui""]",2026,Preprint,Preprint,preprint,,https://arxiv.org/pdf/2603.06201,https://arxiv.org/abs/2603.06201,,,,"Skeleton-based temporal action segmentation is a fundamental yet challenging task, playing a crucial role in enabling intelligent systems to perceive and respond to human activities. While fully-supervised methods achieve satisfactory performance, they require costly frame-level annotations and are sensitive to ambiguous action boundaries. To address these issues, we introduce a point-supervised framework for skeleton-based action segmentation, where only a single frame per action segment is labeled. We leverage multimodal skeleton data, including joint, bone, and motion information, encoded via a pretrained unified model to extract rich feature representations. To generate reliable pseudo-labels, we propose a novel prototype similarity method and integrate it with two existing methods: energy function and constrained K-Medoids clustering. Multimodal pseudo-label integration is proposed to enhance the reliability of the pseudo-label and guide the model training. We establish new benchmarks on PKU-MMD (X-Sub and X-View), MCFS-22, and MCFS-130, and implement baselines for point-supervised skeleton-based human action segmentation. Extensive experiments show that our method achieves competitive performance, even surpassing some fully-supervised methods while significantly reducing annotation effort.","[""temporal action segmentation""]","[""Skeleton-based Temporal Action Segmentation""]","[""fully-supervised""]","[""skeleton"", ""multimodal""]","[""offline"", ""long-video""]","[""clustering"", ""prototype-learning""]",unknown,"[""PKU-MMD""]","[""Edit"", ""F1@10"", ""F1@25"", ""F1@50"", ""frame accuracy""]",[],"[""See the original paper for scope and assumptions.""]",The paper predicts temporally dense action labels or contiguous semantic action segments and evaluates temporal segmentation.,True,True,library/pdfs/2026_Preprint_Wang_point_supervised_skeleton_based_human_action_segmentati.pdf,6fa8f9e88d208a4dc7ac4b4f5accaef6e97af7c0ec5d2a60a0905107b04becd6,False,"[""https://arxiv.org/abs/2603.06201""]",2026-07-28,arXiv 2603.06201; first submitted 2026-03-06; last updated 2026-03-06; comment=none; journal_ref=none. No formal conference proceedings placement has been verified.,True,Direct TAS arXiv hit; formal publication status requires first-party proceedings verification.
2026-preprint-text-augmented-optimal-transport-unsupervised,Text-Augmented Action Segmentation Optimal Transport for Unsupervised Surgical Phase Recognition,"[""Omar Mohamed"", ""collaborators""]",2026,Preprint,Preprint,preprint,,https://arxiv.org/pdf/2602.24138,https://arxiv.org/abs/2602.24138,,,,unknown,"[""temporal action segmentation""]","[""Temporal Action Segmentation""]","[""unsupervised""]","[""unknown""]","[""offline"", ""long-video""]","[""optimal-transport""]",unknown,[],"[""Edit"", ""F1@10"", ""F1@25"", ""F1@50"", ""frame accuracy""]",[],"[""See the original paper for scope and assumptions.""]",The paper predicts temporally dense action labels or contiguous semantic action segments and evaluates temporal segmentation.,True,True,library/pdfs/2026_Preprint_Mohamed_text_augmented_action_segmentation_optimal_transport_fo.pdf,07f77c60a39af7672d03027e1ad1f44321a0109d6954207c1ca6e3ac5812d6e2,False,"[""https://arxiv.org/abs/2602.24138""]",2026-07-28,arXiv 2602.24138; first submitted 2026-02-27; last update 2026-02-27; no formal proceedings placement verified by 2026-07-28.,True,No formal conference proceedings placement verified.
2026-preprint-unsupervised-skeleton-based-hierarchical-spatiotemporal,Unsupervised Skeleton-Based Action Segmentation via Hierarchical Spatiotemporal Vector Quantization,"[""Umer Ahmed"", ""Syed Ahmed Mahmood"", ""Fawad Javed Fateh"", ""M. Shaheer Luqman"", ""M. Zeeshan Zia"", ""Quoc-Huy Tran""]",2026,Preprint,Preprint,preprint,,https://arxiv.org/pdf/2604.15196,https://arxiv.org/abs/2604.15196,,,,"We propose a novel hierarchical spatiotemporal vector quantization framework for unsupervised skeleton-based temporal action segmentation. We first introduce a hierarchical approach, which includes two consecutive levels of vector quantization. Specifically, the lower level associates skeletons with fine-grained subactions, while the higher level further aggregates subactions into action-level representations. Our hierarchical approach outperforms the non-hierarchical baseline, while primarily exploiting spatial cues by reconstructing input skeletons. Next, we extend our approach by leveraging both spatial and temporal information, yielding a hierarchical spatiotemporal vector quantization scheme. In particular, our hierarchical spatiotemporal approach performs multi-level clustering, while simultaneously recovering input skeletons and their corresponding timestamps. Lastly, extensive experiments on multiple benchmarks, including HuGaDB, LARa, and BABEL, demonstrate that our approach establishes a new state-of-the-art performance and reduces segment length bias in unsupervised skeleton-based temporal action segmentation.","[""temporal action segmentation""]","[""Skeleton-based Temporal Action Segmentation""]","[""timestamp-supervised""]","[""skeleton"", ""IMU""]","[""offline"", ""long-video""]","[""clustering""]",unknown,"[""LARa""]","[""Edit"", ""F1@10"", ""F1@25"", ""F1@50"", ""frame accuracy""]",[],"[""See the original paper for scope and assumptions.""]",The paper predicts temporally dense action labels or contiguous semantic action segments and evaluates temporal segmentation.,True,True,library/pdfs/2026_Preprint_Ahmed_unsupervised_skeleton_based_action_segmentation_via_hie.pdf,734a71b269d70f9f534f70f65b6a7fb5d1a7844cfe974b5bf9dc7fcce42d119b,False,"[""https://arxiv.org/abs/2604.15196""]",2026-07-28,arXiv 2604.15196; first submitted 2026-04-16; last updated 2026-04-16; comment=none; journal_ref=none. No formal conference proceedings placement has been verified.,True,Direct TAS arXiv hit; formal publication status requires first-party proceedings verification.
2026-wacv-learning-hierarchies-hybrid-geometric-diffusion,Learning Action Hierarchies via Hybrid Geometric Diffusion,"[""Arjun Ramesh Kaushik"", ""Nalini K. Ratha"", ""Venu Govindaraju""]",2026,WACV,Top-Vision,conference,https://openaccess.thecvf.com/content/WACV2026/html/Kaushik_Learning_Action_Hierarchies_via_Hybrid_Geometric_Diffusion_WACV_2026_paper.html,https://openaccess.thecvf.com/content/WACV2026/papers/Kaushik_Learning_Action_Hierarchies_via_Hybrid_Geometric_Diffusion_WACV_2026_paper.pdf,https://arxiv.org/abs/2601.01914,,,,unknown,"[""temporal action segmentation""]","[""Temporal Action Segmentation""]","[""fully-supervised""]","[""unknown""]","[""offline"", ""long-video""]","[""diffusion""]",unknown,[],"[""Edit"", ""F1@10"", ""F1@25"", ""F1@50"", ""frame accuracy""]",[],"[""See the original paper for scope and assumptions.""]",The paper predicts temporally dense action labels or contiguous semantic action segments and evaluates temporal segmentation.,True,True,library/pdfs/2026_WACV_Kaushik_learning_action_hierarchies_via_hybrid_geometric_diffus.pdf,4b29dfe44397b92b83ff3350e8862d5d4e032d3adb3dfdd108dff97029f8597d,True,"[""https://openaccess.thecvf.com/content/WACV2026/html/Kaushik_Learning_Action_Hierarchies_via_Hybrid_Geometric_Diffusion_WACV_2026_paper.html""]",2026-07-28,,False,
2026-wacv-timestamp-query-transformer,Timestamp Query Transformer for Temporal Action Segmentation,"[""Tieqiao Wang"", ""Sinisa Todorovic""]",2026,WACV,Top-Vision,conference,https://openaccess.thecvf.com/content/WACV2026/html/Wang_Timestamp_Query_Transformer_for_Temporal_Action_Segmentation_WACV_2026_paper.html,https://openaccess.thecvf.com/content/WACV2026/papers/Wang_Timestamp_Query_Transformer_for_Temporal_Action_Segmentation_WACV_2026_paper.pdf,,,,,"This work addresses action segmentation in videos under sparse timestamp supervision, where only a single frame per action segment---referred to as a timestamp---is labeled during training. We propose the Timestamp Query Transformer (TQT) that treats timestamps as learnable class query tokens. While existing approaches rely on iterative, multi-step generation of framewise pseudo-labels, TQT directly predicts temporal segmentation masks by leveraging query-feature cross-attention. This design enables fully end-to-end learning and maximizes the utility of sparse labels from the entire training dataset, rather than relying on only a few local timestamps within each training video as in prior work. Experiments on the GTEA, 50Salads, and Breakfast datasets demonstrate that TQT outperforms SOTA methods by up to 5.8% in accuracy and 7.7% in F1@50. The model and code will be released.","[""temporal action segmentation""]","[""Temporal Action Segmentation""]","[""timestamp-supervised""]","[""I3D-features""]","[""offline"", ""long-video""]","[""Transformer"", ""cross-attention"", ""VQ-tokenization""]",unknown,"[""Breakfast"", ""50Salads"", ""GTEA""]","[""Edit"", ""F1@10"", ""F1@25"", ""F1@50"", ""frame accuracy""]",[],"[""See the original paper for scope and assumptions.""]",The paper predicts temporally dense action labels or contiguous semantic action segments and evaluates temporal segmentation.,True,True,library/pdfs/2026_WACV_Wang_timestamp_query_transformer_for_temporal_action_segment.pdf,169c5147f722000b003481b02ffedef42ebc6a32b206f8b7854bb79506d5ae7b,True,"[""https://openaccess.thecvf.com/content/WACV2026/html/Wang_Timestamp_Query_Transformer_for_Temporal_Action_Segmentation_WACV_2026_paper.html""]",2026-07-28,,False,
2025-aaai-hierarchical-vector-quantization-unsupervised,Hierarchical Vector Quantization for Unsupervised Action Segmentation,"[""Federico Spurio"", ""Emad Bahrami"", ""Gianpiero Francesca"", ""Juergen Gall""]",2025,AAAI,CCF-A,conference,https://ojs.aaai.org/index.php/AAAI/article/view/32751,https://ojs.aaai.org/index.php/AAAI/article/download/32751/34906,https://arxiv.org/abs/2412.17640,,,,unknown,"[""temporal action segmentation""]","[""Temporal Action Segmentation""]","[""unsupervised""]","[""unknown""]","[""offline"", ""long-video""]","[""VQ-tokenization"", ""clustering""]",unknown,[],"[""Edit"", ""F1@10"", ""F1@25"", ""F1@50"", ""frame accuracy""]",[],"[""See the original paper for scope and assumptions.""]",The paper predicts temporally dense action labels or contiguous semantic action segments and evaluates temporal segmentation.,True,True,library/pdfs/2025_AAAI_Spurio_hierarchical_vector_quantization_for_unsupervised_actio.pdf,73d90c7c6847aacc87ccfb8319b8a1bbfa084425a736d83165ec62229109ad0e,True,"[""https://ojs.aaai.org/index.php/AAAI/article/view/32751""]",2026-07-28,,False,
2025-cvpr-condensing-datasets-generative-network-inversion,Condensing Action Segmentation Datasets via Generative Network Inversion,"[""Guodong Ding"", ""Rongyu Chen"", ""Angela Yao""]",2025,CVPR,CCF-A,conference,https://openaccess.thecvf.com/content/CVPR2025/html/Ding_Condensing_Action_Segmentation_Datasets_via_Generative_Network_Inversion_CVPR_2025_paper.html,https://openaccess.thecvf.com/content/CVPR2025/papers/Ding_Condensing_Action_Segmentation_Datasets_via_Generative_Network_Inversion_CVPR_2025_paper.pdf,,,,,"This work presents the first condensation approach for procedural video datasets used in temporal action segmentation. We propose a condensation framework that leverages generative prior learned from the dataset and network inversion to condense data into compact latent codes with significant storage reduced across temporal and channel aspects. Orthogonally, we propose sampling diverse and representative action sequences to minimize video-wise redundancy. Our evaluation on standard benchmarks demonstrates consistent effectiveness in condensing TAS datasets and achieving competitive performances. Specifically, on the Breakfast dataset, our approach reduces storage by over 500xwhile retaining 83% of the performance compared to training with the full dataset. Furthermore, when applied to a downstream incremental learning task, it yields superior performance compared to the state-of-the-art.","[""temporal action segmentation""]","[""Temporal Action Segmentation""]","[""fully-supervised""]","[""I3D-features""]","[""offline"", ""long-video""]","[""dataset-condensation""]",unknown,"[""Breakfast""]","[""Edit"", ""F1@10"", ""F1@25"", ""F1@50"", ""frame accuracy""]",[],"[""See the original paper for scope and assumptions.""]",The paper predicts temporally dense action labels or contiguous semantic action segments and evaluates temporal segmentation.,True,True,library/pdfs/2025_CVPR_Ding_condensing_action_segmentation_datasets_via_generative.pdf,6accfb2ba5a80c974485bd238659f82160eebe0a7f63b21f9d64f1d956dbea55,True,"[""https://openaccess.thecvf.com/content/CVPR2025/html/Ding_Condensing_Action_Segmentation_Datasets_via_Generative_Network_Inversion_CVPR_2025_paper.html""]",2026-07-28,,False,
2025-cvpr-workshop-pose-aware-weakly-supervised,Pose-Aware Weakly-Supervised Action Segmentation,"[""Zhihao Zhao"", ""Reza Ghoddoosian"", ""Isht Dwivedi"", ""Nakul Agarwal"", ""Behzad Dariush""]",2025,CVPR Workshop,Extended-Vision,conference,https://openaccess.thecvf.com/content/CVPR2025W/MULA2025/html/Zhao_Pose-Aware_Weakly-Supervised_Action_Segmentation_CVPRW_2025_paper.html,https://openaccess.thecvf.com/content/CVPR2025W/MULA2025/papers/Zhao_Pose-Aware_Weakly-Supervised_Action_Segmentation_CVPRW_2025_paper.pdf,,,,,unknown,"[""temporal action segmentation""]","[""Temporal Action Segmentation""]","[""weakly-supervised""]","[""unknown""]","[""offline"", ""long-video""]","[""contrastive-learning"", ""boundary-modeling""]",unknown,[],"[""Edit"", ""F1@10"", ""F1@25"", ""F1@50"", ""frame accuracy""]",[],"[""See the original paper for scope and assumptions.""]",The paper predicts temporally dense action labels or contiguous semantic action segments and evaluates temporal segmentation.,True,True,library/pdfs/2025_CVPRWorkshop_Zhao_pose_aware_weakly_supervised_action_segmentation.pdf,69b3a1d07b898e67cca41fe6863d87d0768fbafb21175a8e23163a59857528b6,True,"[""https://openaccess.thecvf.com/content/CVPR2025W/MULA2025/html/Zhao_Pose-Aware_Weakly-Supervised_Action_Segmentation_CVPRW_2025_paper.html""]",2026-07-28,"Official workshop paper; kept in the extended list, not the main-conference core count.",False,
2025-iccv-clot-closed-loop-optimal-transport,CLOT: Closed Loop Optimal Transport for Unsupervised Action Segmentation,"[""Elena Bueno-Benito"", ""Mariella Dimiccoli""]",2025,ICCV,CCF-A,conference,https://openaccess.thecvf.com/content/ICCV2025/html/Bueno-Benito_CLOT_Closed_Loop_Optimal_Transport_for_Unsupervised_Action_Segmentation_ICCV_2025_paper.html,https://openaccess.thecvf.com/content/ICCV2025/papers/Bueno-Benito_CLOT_Closed_Loop_Optimal_Transport_for_Unsupervised_Action_Segmentation_ICCV_2025_paper.pdf,,,,,"Unsupervised action segmentation has recently pushed its limits with ASOT, an optimal transport (OT)-based method that simultaneously learns action representations and performs clustering using pseudo-labels. Unlike other OT-based approaches, ASOT makes no assumptions about action ordering and can decode a temporally consistent segmentation from a noisy cost matrix between video frames and action labels. However, the resulting segmentation lacks segment-level supervision, limiting the effectiveness of feedback between frames and action representations. To address this limitation, we propose Closed Loop Optimal Transport (CLOT), a novel OT-based framework with a multi-level cyclic feature learning mechanism. Leveraging its encoder-decoder architecture, CLOT learns pseudo-labels alongside frame and segment embeddings by solving two separate OT problems. It then refines both frame embeddings and pseudo-labels through cross-attention between the learned frame and segment embeddings, by integrating a third OT problem. Experimental results on four benchmark datasets demonstrate the benefits of cyclical learning for unsupervised action segmentation.","[""temporal action segmentation""]","[""Temporal Action Segmentation""]","[""unsupervised""]","[""I3D-features"", ""IMU""]","[""offline"", ""long-video""]","[""cross-attention"", ""optimal-transport"", ""clustering""]",unknown,[],"[""Edit"", ""F1@10"", ""F1@25"", ""F1@50"", ""frame accuracy""]",[],"[""See the original paper for scope and assumptions.""]",The paper predicts temporally dense action labels or contiguous semantic action segments and evaluates temporal segmentation.,True,True,library/pdfs/2025_ICCV_Bueno-Benito_clot_closed_loop_optimal_transport_for_unsupervised_act.pdf,7e05e2757cca994bb114c7cf0996ee08992a291034502a081476dfb5d80c04a4,True,"[""https://openaccess.thecvf.com/content/ICCV2025/html/Bueno-Benito_CLOT_Closed_Loop_Optimal_Transport_for_Unsupervised_Action_Segmentation_ICCV_2025_paper.html""]",2026-07-28,,False,
2025-iccv-duoclr-dual-surrogate-contrastive-learning,DuoCLR: Dual-Surrogate Contrastive Learning for Skeleton-based Human Action Segmentation,"[""Haitao Tian""]",2025,ICCV,CCF-A,conference,https://openaccess.thecvf.com/content/ICCV2025/html/Tian_DuoCLR_Dual-Surrogate_Contrastive_Learning_for_Skeleton-based_Human_Action_Segmentation_ICCV_2025_paper.html,https://openaccess.thecvf.com/content/ICCV2025/papers/Tian_DuoCLR_Dual-Surrogate_Contrastive_Learning_for_Skeleton-based_Human_Action_Segmentation_ICCV_2025_paper.pdf,,,,,"In this paper, a contrastive representation learning framework is proposed to enhance human action segmentation via pre-training using trimmed (single action) skeleton sequences. Unlike previous representation learning works that are tailored for action recognition and that build upon isolated sequence-wise representations, the proposed framework focuses on exploiting multi-scale representations in conjunction with cross-sequence variations. More specifically, it proposes a novel data augmentation strategy, ""Shuffle and Warp"", which exploits diverse multi-action permutations. The latter effectively assists two surrogate tasks that are introduced in contrastive learning: Cross Permutation Contrasting (CPC) and Relative Order Reasoning (ROR). In optimization, CPC learns intra-class similarities by contrasting representations of the same action class across different permutations, while ROR reasons about inter-class contexts by predicting relative mapping between two permutations. Together, these tasks enable a Dual-Surrogate Contrastive Learning (DuoCLR) network to learn multi-scale feature representations optimized for action segmentation. In experiments, DuoCLR is pre-trained on a trimmed skeleton dataset and evaluated on an untrimmed dataset where it demonstrates a significant boost over state-the-art comparatives in both multi-class and multi-label action segmentation tasks. Lastly, ablation studies are conducted to evaluate the effectiveness of each component of the proposed approach.","[""temporal action segmentation""]","[""Skeleton-based Temporal Action Segmentation""]","[""fully-supervised""]","[""skeleton""]","[""offline"", ""long-video""]","[""unknown""]",unknown,[],"[""Edit"", ""F1@10"", ""F1@25"", ""F1@50"", ""frame accuracy""]",[],"[""See the original paper for scope and assumptions.""]",The paper predicts temporally dense action labels or contiguous semantic action segments and evaluates temporal segmentation.,True,True,library/pdfs/2025_ICCV_Tian_duoclr_dual_surrogate_contrastive_learning_for_skeleton.pdf,79a5ceca1419ab8f9c5dc582f4ba65b8ebb089c98570a695b07b5ea713a6dcb0,True,"[""https://openaccess.thecvf.com/content/ICCV2025/html/Tian_DuoCLR_Dual-Surrogate_Contrastive_Learning_for_Skeleton-based_Human_Action_Segmentation_ICCV_2025_paper.html""]",2026-07-28,,False,
2025-iccv-joint-self-supervised-alignment,Joint Self-Supervised Video Alignment and Action Segmentation,"[""Ali Shah Ali"", ""Syed Ahmed Mahmood"", ""Mubin Saeed"", ""Andrey Konin"", ""M. Zeeshan Zia"", ""Quoc-Huy Tran""]",2025,ICCV,CCF-A,conference,https://openaccess.thecvf.com/content/ICCV2025/html/Ali_Joint_Self-Supervised_Video_Alignment_and_Action_Segmentation_ICCV_2025_paper.html,https://openaccess.thecvf.com/content/ICCV2025/papers/Ali_Joint_Self-Supervised_Video_Alignment_and_Action_Segmentation_ICCV_2025_paper.pdf,,,,,"We introduce a novel approach for simultaneous self-supervised video alignment and action segmentation based on a unified optimal transport framework. In particular, we first tackle self-supervised video alignment by developing a fused Gromov-Wasserstein optimal transport formulation with a structural prior, which trains efficiently on GPUs and needs only a few iterations for solving the optimal transport problem. Our single-task method achieves the state-of-the-art performance on multiple video alignment benchmarks and outperforms VAVA, which relies on a traditional Kantorovich optimal transport formulation with an optimality prior. Furthermore, we extend our approach by proposing a unified optimal transport framework for joint self-supervised video alignment and action segmentation, which requires training and storing a single model and saves both time and memory consumption as compared to two different single-task models. Extensive evaluations on several video alignment and action segmentation datasets demonstrate that our multi-task method achieves comparable video alignment yet superior action segmentation results over previous methods in video alignment and action segmentation respectively. Finally, to the best of our knowledge, this is the first work to unify video alignment and action segmentation into a single model.","[""temporal action segmentation""]","[""Temporal Action Segmentation""]","[""self-supervised""]","[""I3D-features"", ""IMU""]","[""offline"", ""long-video""]","[""optimal-transport""]",unknown,[],"[""Edit"", ""F1@10"", ""F1@25"", ""F1@50"", ""frame accuracy""]",[],"[""See the original paper for scope and assumptions.""]",The paper predicts temporally dense action labels or contiguous semantic action segments and evaluates temporal segmentation.,True,True,library/pdfs/2025_ICCV_Ali_joint_self_supervised_video_alignment_and_action_segmen.pdf,e3a18681356ce0323eeca0330fbb8f591c46243a3cbc085c11ddbcb96e9ee95d,True,"[""https://openaccess.thecvf.com/content/ICCV2025/html/Ali_Joint_Self-Supervised_Video_Alignment_and_Action_Segmentation_ICCV_2025_paper.html""]",2026-07-28,,False,
2025-iccv-multi-modal-few-shot,Multi-Modal Few-Shot Temporal Action Segmentation,"[""Zijia Lu"", ""Ehsan Elhamifar""]",2025,ICCV,CCF-A,conference,https://openaccess.thecvf.com/content/ICCV2025/html/Lu_Multi-Modal_Few-Shot_Temporal_Action_Segmentation_ICCV_2025_paper.html,https://openaccess.thecvf.com/content/ICCV2025/papers/Lu_Multi-Modal_Few-Shot_Temporal_Action_Segmentation_ICCV_2025_paper.pdf,,,https://github.com/ZijiaLewisLu/ICCV2025-MMF-TAS,,"Procedural videos are critical for learning new tasks. Temporal action segmentation (TAS), which classifies the action in every video frame, has become essential for understanding procedural videos. Existing TAS models, however, learn a fixed-set of tasks at training and unable to adapt to novel tasks at test time. Thus, we introduce the new problem of Multi-Modal Few-shot Temporal Action Segmentation (MMF-TAS) to learn open-set models that can generalize to novel procedural tasks with minimal visual/textual examples. We propose the first MMF-TAS framework, by designing a Prototype Graph Network (PGNet). In PGNet, a Prototype Building Block summarizes action information from support videos of the novel tasks via an Action Relation Graph, and encodes this information into action prototypes via a Dynamic Graph Transformer. Next, a Matching Block compares action prototypes with query videos to infer framewise action labels. To exploit the advantages of both visual and textual modalities, we compute separate action prototypes for each modality and combine the two modalities through prediction fusion to avoid overfitting on one modality. By extensive experiments on procedural datasets, we show our method successfully adapts to novel tasks during inference and significantly outperforms baselines. Our code is available at https://github.com/ZijiaLewisLu/ICCV2025-MMF-TAS.","[""temporal action segmentation""]","[""Temporal Action Segmentation""]","[""few-shot""]","[""video-language"", ""multimodal""]","[""long-video"", ""offline"", ""open-vocabulary""]","[""Transformer"", ""prototype-learning""]",unknown,[],"[""Edit"", ""F1@10"", ""F1@25"", ""F1@50"", ""frame accuracy""]",[],"[""See the original paper for scope and assumptions.""]",The paper predicts temporally dense action labels or contiguous semantic action segments and evaluates temporal segmentation.,True,True,library/pdfs/2025_ICCV_Lu_multi_modal_few_shot_temporal_action_segmentation.pdf,b2443c34455e4cb3aecc46dc108bf9a2f615b24aaf0b7af215e029f905ae1ffe,True,"[""https://openaccess.thecvf.com/content/ICCV2025/html/Lu_Multi-Modal_Few-Shot_Temporal_Action_Segmentation_ICCV_2025_paper.html""]",2026-07-28,,False,
2025-iccv-skeleton-motion-words-unsupervised-skeleton,Skeleton Motion Words for Unsupervised Skeleton-Based Temporal Action Segmentation,"[""Uzay Gökay"", ""Federico Spurio"", ""Dominik R. Bach"", ""Juergen Gall""]",2025,ICCV,CCF-A,conference,https://openaccess.thecvf.com/content/ICCV2025/html/Gokay_Skeleton_Motion_Words_for_Unsupervised_Skeleton-Based_Temporal_Action_Segmentation_ICCV_2025_paper.html,https://openaccess.thecvf.com/content/ICCV2025/papers/Gokay_Skeleton_Motion_Words_for_Unsupervised_Skeleton-Based_Temporal_Action_Segmentation_ICCV_2025_paper.pdf,,,,,"Current state-of-the-art methods for skeleton-based temporal action segmentation are predominantly supervised and require annotated data, which is expensive to collect. In contrast, existing unsupervised temporal action segmentation methods have focused primarily on video data, while skeleton sequences remain underexplored, despite their relevance to real-world applications, robustness, and privacy-preserving nature. In this paper, we propose a novel approach for unsupervised skeleton-based temporal action segmentation. Our method utilizes a sequence-to-sequence temporal autoencoder that keeps the information of the different joints disentangled in the embedding space. Latent skeleton sequences are then divided into non-overlapping patches and quantized to obtain distinctive skeleton motion words, driving the discovery of semantically meaningful action clusters. We thoroughly evaluate the proposed approach on three widely used skeleton-based datasets, namely HuGaDB, LARa, and BABEL. The results demonstrate that our model outperforms the current state-of-the-art unsupervised temporal action segmentation methods.","[""temporal action segmentation""]","[""Skeleton-based Temporal Action Segmentation""]","[""unsupervised""]","[""skeleton""]","[""offline"", ""long-video""]","[""unknown""]",unknown,[],"[""Edit"", ""F1@10"", ""F1@25"", ""F1@50"", ""frame accuracy""]",[],"[""See the original paper for scope and assumptions.""]",The paper predicts temporally dense action labels or contiguous semantic action segments and evaluates temporal segmentation.,True,True,library/pdfs/2025_ICCV_Go-Kay_skeleton_motion_words_for_unsupervised_skeleton_based_t.pdf,e35e0338f7a1ada8a7fe9e7fc8d6be44cc78081eea630fda20c0e91c2ec6dc43,True,"[""https://openaccess.thecvf.com/content/ICCV2025/html/Gokay_Skeleton_Motion_Words_for_Unsupervised_Skeleton-Based_Temporal_Action_Segmentation_ICCV_2025_paper.html""]",2026-07-28,,False,
2025-iccv-workshop-end-end-transformer,End-to-End Action Segmentation Transformer,"[""Tieqiao Wang"", ""Sinisa Todorovic""]",2025,ICCV Workshop,Extended-Vision,conference,https://openaccess.thecvf.com/content/ICCV2025W/SVU/html/Wang_End-to-End_Action_Segmentation_Transformer_ICCVW_2025_paper.html,https://openaccess.thecvf.com/content/ICCV2025W/SVU/papers/Wang_End-to-End_Action_Segmentation_Transformer_ICCVW_2025_paper.pdf,,,https://github.com/tqosu/EAST,,unknown,"[""temporal action segmentation""]","[""Temporal Action Segmentation""]","[""fully-supervised""]","[""unknown""]","[""offline"", ""long-video""]","[""Transformer""]",unknown,[],"[""Edit"", ""F1@10"", ""F1@25"", ""F1@50"", ""frame accuracy""]",[],"[""See the original paper for scope and assumptions.""]",The paper predicts temporally dense action labels or contiguous semantic action segments and evaluates temporal segmentation.,True,True,library/pdfs/2025_ICCVWorkshop_Wang_end_to_end_action_segmentation_transformer.pdf,920a89e173afef4edd40e439edbd868579ad834e892188e36e431a3c90ffbe5a,True,"[""https://openaccess.thecvf.com/content/ICCV2025W/SVU/html/Wang_End-to-End_Action_Segmentation_Transformer_ICCVW_2025_paper.html""]",2026-07-28,"Official workshop paper; kept in the extended list, not the main-conference core count.",False,
2025-preprint-dual-stream-alignment,Dual-Stream Alignment for Action Segmentation,"[""Harshala Gammulle"", ""Clinton Fookes"", ""Sridha Sridharan"", ""Simon Denman""]",2025,Preprint,Preprint,preprint,,https://arxiv.org/pdf/2510.07652,https://arxiv.org/abs/2510.07652,,,,"Action segmentation is a challenging yet active research area that involves identifying when and where specific actions occur in continuous video streams. Most existing work has focused on single-stream approaches that model the spatio-temporal aspects of frame sequences. However, recent research has shifted toward two-stream methods that learn action-wise features to enhance action segmentation performance. In this work, we propose the Dual-Stream Alignment Network (DSA Net) and investigate the impact of incorporating a second stream of learned action features to guide segmentation by capturing both action and action-transition cues. Communication between the two streams is facilitated by a Temporal Context (TC) block, which fuses complementary information using cross-attention and Quantum-based Action-Guided Modulation (Q-ActGM), enhancing the expressive power of the fused features. To the best of our knowledge, this is the first study to introduce a hybrid quantum-classical machine learning framework for action segmentation. Our primary objective is for the two streams (frame-wise and action-wise) to learn a shared feature space through feature alignment. This is encouraged by the proposed Dual-Stream Alignment Loss, which comprises three components: relational consistency, cross-level contrastive, and cycle-consistency reconstruction losses. Following prior work, we evaluate DSA Net on several diverse benchmark datasets: GTEA, Breakfast, 50Salads, and EgoProcel. We further demonstrate the effectiveness of each component through extensive ablation studies. Notably, DSA Net achieves state-of-the-art performance, significantly outperforming existing","[""temporal action segmentation""]","[""Temporal Action Segmentation""]","[""fully-supervised""]","[""unknown""]","[""offline"", ""long-video""]","[""cross-attention""]",unknown,"[""Breakfast"", ""50Salads"", ""GTEA""]","[""Edit"", ""F1@10"", ""F1@25"", ""F1@50"", ""frame accuracy""]",[],"[""See the original paper for scope and assumptions.""]",The paper predicts temporally dense action labels or contiguous semantic action segments and evaluates temporal segmentation.,True,True,library/pdfs/2025_Preprint_Gammulle_dual_stream_alignment_for_action_segmentation.pdf,7244f1f69602d9e79a0e0227bbc1f06bca4123547d424d9983f11233275b65f3,False,"[""https://arxiv.org/abs/2510.07652""]",2026-07-28,arXiv 2510.07652; first submitted 2025-10-09; last updated 2025-10-09; comment=Journal Submission; journal_ref=none. No formal conference proceedings placement has been verified.,True,Direct TAS arXiv hit; formal publication status requires first-party proceedings verification.
2025-preprint-hrtr-single-stage-transformer-fine,HRTR: A Single-stage Transformer for Fine-grained Sub-second Action Segmentation in Stroke Rehabilitation,"[""Halil Ismail Helvaci"", ""Justin Philip Huber"", ""Jihye Bae"", ""Sen-ching Samson Cheung""]",2025,Preprint,Preprint,preprint,,https://arxiv.org/pdf/2506.02472,https://arxiv.org/abs/2506.02472,,,,"Stroke rehabilitation often demands precise tracking of patient movements to monitor progress, with complexities of rehabilitation exercises presenting two critical challenges: fine-grained and sub-second (under one-second) action detection. In this work, we propose the High Resolution Temporal Transformer (HRTR), to time-localize and classify high-resolution (fine-grained), sub-second actions in a single-stage transformer, eliminating the need for multi-stage methods and post-processing. Without any refinements, HRTR outperforms state-of-the-art systems on both stroke related and general datasets, achieving Edit Score (ES) of 70.1 on StrokeRehab Video, 69.4 on StrokeRehab IMU, and 88.4 on 50Salads.","[""temporal action segmentation""]","[""Temporal Action Segmentation""]","[""fully-supervised""]","[""IMU""]","[""offline"", ""long-video""]","[""Transformer"", ""multi-stage-TCN""]",unknown,"[""50Salads""]","[""Edit"", ""F1@10"", ""F1@25"", ""F1@50"", ""frame accuracy""]",[],"[""See the original paper for scope and assumptions.""]",The paper predicts temporally dense action labels or contiguous semantic action segments and evaluates temporal segmentation.,True,True,library/pdfs/2025_Preprint_Helvaci_hrtr_a_single_stage_transformer_for_fine_grained_sub_se.pdf,c84a0682e2bdc10c5c546f3fdac7f0b7bd81df7892d1b50053cae52c4ca69ce8,False,"[""https://arxiv.org/abs/2506.02472""]",2026-07-28,arXiv 2506.02472; first submitted 2025-06-03; last updated 2025-06-11; comment=none; journal_ref=none. No formal conference proceedings placement has been verified.,True,Direct TAS arXiv hit; formal publication status requires first-party proceedings verification.
2025-preprint-improving-explicit-similarity-measurement,Improving action segmentation via explicit similarity measurement,"[""Kamel Aouaidjia"", ""Wenhao Zhang"", ""Aofan Li"", ""Chongsheng Zhang""]",2025,Preprint,Preprint,preprint,,https://arxiv.org/pdf/2502.10713,https://arxiv.org/abs/2502.10713,,,,"Existing supervised action segmentation methods depend on the quality of frame-wise classification using attention mechanisms or temporal convolutions to capture temporal dependencies. Even boundary detection-based methods primarily depend on the accuracy of an initial frame-wise classification, which can overlook precise identification of segments and boundaries in case of low-quality prediction. To address this problem, this paper proposes ASESM (Action Segmentation via Explicit Similarity Measurement) to enhance the segmentation accuracy by incorporating explicit similarity evaluation across frames and predictions. Our supervised learning architecture uses frame-level multi-resolution features as input to multiple Transformer encoders. The resulting multiple frame-wise predictions are used for similarity voting to obtain high quality initial prediction. We apply a newly proposed boundary correction algorithm that operates based on feature similarity between consecutive frames to adjust the boundary locations iteratively through the learning process. The corrected prediction is then further refined through multiple stages of temporal convolutions. As post-processing, we optionally apply boundary correction again followed by a segment smoothing method that removes outlier classes within segments using similarity measurement between consecutive predictions. Additionally, we propose a fully unsupervised boundary detection-correction algorithm that identifies segment boundaries based solely on feature similarity without any training. Experiments on 50Salads, GTEA, and Breakfast datasets show the effectiveness of both the supervised and unsupervised algorithms. Code and models are made available on Github.","[""temporal action segmentation""]","[""Temporal Action Segmentation""]","[""unsupervised""]","[""unknown""]","[""offline"", ""long-video""]","[""Transformer"", ""boundary-modeling"", ""TCN""]",unknown,"[""Breakfast"", ""50Salads"", ""GTEA""]","[""Edit"", ""F1@10"", ""F1@25"", ""F1@50"", ""frame accuracy""]",[],"[""See the original paper for scope and assumptions.""]",The paper predicts temporally dense action labels or contiguous semantic action segments and evaluates temporal segmentation.,True,True,library/pdfs/2025_Preprint_Aouaidjia_improving_action_segmentation_via_explicit_similarity_m.pdf,aa0f51829fa94fdf006b45d842ddd4a8dbf8178cbf1803103693e613161218f9,False,"[""https://arxiv.org/abs/2502.10713""]",2026-07-28,"arXiv 2502.10713; first submitted 2025-02-15; last updated 2025-02-15; comment=13 pages, 5 figures; journal_ref=none. No formal conference proceedings placement has been verified.",True,Direct TAS arXiv hit; formal publication status requires first-party proceedings verification.
2025-preprint-multi-modal-graph-convolutional-network,Multi-Modal Graph Convolutional Network with Sinusoidal Encoding for Robust Human Action Segmentation,"[""Hao Xing"", ""Kai Zhe Boey"", ""Yuankai Wu"", ""Darius Burschka"", ""Gordon Cheng""]",2025,Preprint,Preprint,preprint,,https://arxiv.org/pdf/2507.00752,https://arxiv.org/abs/2507.00752,10.1109/IROS60139.2025.11245867,,,"Accurate temporal segmentation of human actions is critical for intelligent robots in collaborative settings, where a precise understanding of sub-activity labels and their temporal structure is essential. However, the inherent noise in both human pose estimation and object detection often leads to over-segmentation errors, disrupting the coherence of action sequences. To address this, we propose a Multi-Modal Graph Convolutional Network (MMGCN) that integrates low-frame-rate (e.g., 1 fps) visual data with high-frame-rate (e.g., 30 fps) motion data (skeleton and object detections) to mitigate fragmentation. Our framework introduces three key contributions. First, a sinusoidal encoding strategy that maps 3D skeleton coordinates into a continuous sin-cos space to enhance spatial representation robustness. Second, a temporal graph fusion module that aligns multi-modal inputs with differing resolutions via hierarchical feature aggregation, Third, inspired by the smooth transitions inherent to human actions, we design SmoothLabelMix, a data augmentation technique that mixes input sequences and labels to generate synthetic training examples with gradual action transitions, enhancing temporal consistency in predictions and reducing over-segmentation artifacts. Extensive experiments on the Bimanual Actions Dataset, a public benchmark for human-object interaction understanding, demonstrate that our approach outperforms state-of-the-art methods, especially in action segmentation accuracy, achieving F1@10: 94.5% and F1@25: 92.8%.","[""temporal action segmentation""]","[""Skeleton-based Temporal Action Segmentation""]","[""fully-supervised""]","[""skeleton"", ""multimodal""]","[""offline"", ""long-video""]","[""unknown""]",unknown,[],"[""Edit"", ""F1@10"", ""F1@25"", ""F1@50"", ""frame accuracy""]",[],"[""See the original paper for scope and assumptions.""]",The paper predicts temporally dense action labels or contiguous semantic action segments and evaluates temporal segmentation.,True,True,library/pdfs/2025_Preprint_Xing_multi_modal_graph_convolutional_network_with_sinusoidal.pdf,f218ba26080e7ce1f6aec97b18bfa0d6cb58d191cae3e29079073d333f509407,False,"[""https://arxiv.org/abs/2507.00752""]",2026-07-28,"arXiv 2507.00752; first submitted 2025-07-01; last updated 2025-12-11; comment=8 pages, 5 figures, accepted in IROS25, Hangzhou, China; journal_ref=none. No formal conference proceedings placement has been verified.",True,Direct TAS arXiv hit; formal publication status requires first-party proceedings verification.
2025-preprint-multi-stage-boundary-aware-transformer,Multi-Stage Boundary-Aware Transformer Network for Action Segmentation in Untrimmed Surgical Videos,"[""Rezowan Shuvo"", ""M S Mekala"", ""Eyad Elyan""]",2025,Preprint,Preprint,preprint,,https://arxiv.org/pdf/2504.18756,https://arxiv.org/abs/2504.18756,,,,"Understanding actions within surgical workflows is critical for evaluating post-operative outcomes and enhancing surgical training and efficiency. Capturing and analyzing long sequences of actions in surgical settings is challenging due to the inherent variability in individual surgeon approaches, which are shaped by their expertise and preferences. This variability complicates the identification and segmentation of distinct actions with ambiguous boundary start and end points. The traditional models, such as MS-TCN, which rely on large receptive fields, that causes over-segmentation, or under-segmentation, where distinct actions are incorrectly aligned. To address these challenges, we propose the Multi-Stage Boundary-Aware Transformer Network (MSBATN) with hierarchical sliding window attention to improve action segmentation. Our approach effectively manages the complexity of varying action durations and subtle transitions by accurately identifying start and end action boundaries in untrimmed surgical videos. MSBATN introduces a novel unified loss function that optimises action classification and boundary detection as interconnected tasks. Unlike conventional binary boundary detection methods, our innovative boundary weighing mechanism leverages contextual information to precisely identify action boundaries. Extensive experiments on three challenging surgical datasets demonstrate that MSBATN achieves state-of-the-art performance, with superior F1 scores at 25% and 50%. thresholds and competitive results across other metrics.","[""temporal action segmentation""]","[""Temporal Action Segmentation""]","[""fully-supervised""]","[""unknown""]","[""offline"", ""long-video""]","[""Transformer"", ""boundary-modeling"", ""duration-modeling"", ""multi-stage-TCN""]",unknown,[],"[""Edit"", ""F1@10"", ""F1@25"", ""F1@50"", ""frame accuracy""]",[],"[""See the original paper for scope and assumptions.""]",The paper predicts temporally dense action labels or contiguous semantic action segments and evaluates temporal segmentation.,True,True,library/pdfs/2025_Preprint_Shuvo_multi_stage_boundary_aware_transformer_network_for_acti.pdf,f21fab74a412664b185e6c5914ced1e18b847abc44f9e1634219d50f9f6b5f96,False,"[""https://arxiv.org/abs/2504.18756""]",2026-07-28,arXiv 2504.18756; first submitted 2025-04-26; last updated 2025-06-10; comment=none; journal_ref=none. No formal conference proceedings placement has been verified.,True,Direct TAS arXiv hit; formal publication status requires first-party proceedings verification.
2025-preprint-text-derived-relational-graph-enhanced,Text-Derived Relational Graph-Enhanced Network for Skeleton-Based Action Segmentation,"[""Haoyu Ji"", ""Bowen Chen"", ""Weihong Ren"", ""Wenze Huang"", ""Zhihao Yang"", ""Zhiyong Wang"", ""Honghai Liu""]",2025,Preprint,Preprint,preprint,,https://arxiv.org/pdf/2503.15126,https://arxiv.org/abs/2503.15126,10.1109/TIP.2025.3624581,,,"Skeleton-based Temporal Action Segmentation (STAS) aims to segment and recognize various actions from long, untrimmed sequences of human skeletal movements. Current STAS methods typically employ spatio-temporal modeling to establish dependencies among joints as well as frames, and utilize one-hot encoding with cross-entropy loss for frame-wise classification supervision. However, these methods overlook the intrinsic correlations among joints and actions within skeletal features, leading to a limited understanding of human movements. To address this, we propose a Text-Derived Relational Graph-Enhanced Network (TRG-Net) that leverages prior graphs generated by Large Language Models (LLM) to enhance both modeling and supervision. For modeling, the Dynamic Spatio-Temporal Fusion Modeling (DSFM) method incorporates Text-Derived Joint Graphs (TJG) with channel- and frame-level dynamic adaptation to effectively model spatial relations, while integrating spatio-temporal core features during temporal modeling. For supervision, the Absolute-Relative Inter-Class Supervision (ARIS) method employs contrastive learning between action features and text embeddings to regularize the absolute class distributions, and utilizes Text-Derived Action Graphs (TAG) to capture the relative inter-class relationships among action features. Additionally, we propose a Spatial-Aware Enhancement Processing (SAEP) method, which incorporates random joint occlusion and axial rotation to enhance spatial generalization. Performance evaluations on four public datasets demonstrate that TRG-Net achieves state-of-the-art results.","[""temporal action segmentation""]","[""Skeleton-based Temporal Action Segmentation""]","[""fully-supervised""]","[""skeleton"", ""video-language""]","[""offline"", ""long-video""]","[""unknown""]",unknown,[],"[""Edit"", ""F1@10"", ""F1@25"", ""F1@50"", ""frame accuracy""]",[],"[""See the original paper for scope and assumptions.""]",The paper predicts temporally dense action labels or contiguous semantic action segments and evaluates temporal segmentation.,True,True,library/pdfs/2025_Preprint_Ji_text_derived_relational_graph_enhanced_network_for_skel.pdf,6a1f60f5dcccc245514abe280c4d0efd467e9522bbc91a9f5f2baf1d47d7a99b,False,"[""https://arxiv.org/abs/2503.15126""]",2026-07-28,arXiv 2503.15126; first submitted 2025-03-19; last updated 2025-03-19; comment=none; journal_ref=none. No formal conference proceedings placement has been verified.,True,Direct TAS arXiv hit; formal publication status requires first-party proceedings verification.
2025-preprint-towards-generalizing-unseen-views,Towards Generalizing Temporal Action Segmentation to Unseen Views,"[""Emad Bahrami"", ""Olga Zatsarynna"", ""Gianpiero Francesca"", ""Juergen Gall""]",2025,Preprint,Preprint,preprint,,https://arxiv.org/pdf/2504.02512,https://arxiv.org/abs/2504.02512,,,,"While there has been substantial progress in temporal action segmentation, the challenge to generalize to unseen views remains unaddressed. Hence, we define a protocol for unseen view action segmentation where camera views for evaluating the model are unavailable during training. This includes changing from top-frontal views to a side view or even more challenging from exocentric to egocentric views. Furthermore, we present an approach for temporal action segmentation that tackles this challenge. Our approach leverages a shared representation at both the sequence and segment levels to reduce the impact of view differences during training. We achieve this by introducing a sequence loss and an action loss, which together facilitate consistent video and action representations across different views. The evaluation on the Assembly101, IkeaASM, and EgoExoLearn datasets demonstrate significant improvements, with a 12.8% increase in F1@50 for unseen exocentric views and a substantial 54% improvement for unseen egocentric views.","[""temporal action segmentation""]","[""Temporal Action Segmentation""]","[""fully-supervised""]","[""unknown""]","[""egocentric"", ""long-video"", ""offline""]","[""unknown""]",unknown,"[""Assembly101""]","[""Edit"", ""F1@10"", ""F1@25"", ""F1@50"", ""frame accuracy""]",[],"[""See the original paper for scope and assumptions.""]",The paper predicts temporally dense action labels or contiguous semantic action segments and evaluates temporal segmentation.,True,True,library/pdfs/2025_Preprint_Bahrami_towards_generalizing_temporal_action_segmentation_to_un.pdf,bf45517feb48b6198954278263178e7452dd821d864a10c37e25b018994e5338,False,"[""https://arxiv.org/abs/2504.02512""]",2026-07-28,arXiv 2504.02512; first submitted 2025-04-03; last updated 2025-04-03; comment=none; journal_ref=none. No formal conference proceedings placement has been verified.,True,Direct TAS arXiv hit; formal publication status requires first-party proceedings verification.
2025-preprint-towards-open-world-human-using,Towards Open-World Human Action Segmentation Using Graph Convolutional Networks,"[""Hao Xing"", ""Kai Zhe Boey"", ""Gordon Cheng""]",2025,Preprint,Preprint,preprint,,https://arxiv.org/pdf/2507.00756,https://arxiv.org/abs/2507.00756,10.1109/IROS60139.2025.11247257,,,"Human-object interaction segmentation is a fundamental task of daily activity understanding, which plays a crucial role in applications such as assistive robotics, healthcare, and autonomous systems. Most existing learning-based methods excel in closed-world action segmentation, they struggle to generalize to open-world scenarios where novel actions emerge. Collecting exhaustive action categories for training is impractical due to the dynamic diversity of human activities, necessitating models that detect and segment out-of-distribution actions without manual annotation. To address this issue, we formally define the open-world action segmentation problem and propose a structured framework for detecting and segmenting unseen actions. Our framework introduces three key innovations: 1) an Enhanced Pyramid Graph Convolutional Network (EPGCN) with a novel decoder module for robust spatiotemporal feature upsampling. 2) Mixup-based training to synthesize out-of-distribution data, eliminating reliance on manual annotations. 3) A novel Temporal Clustering loss that groups in-distribution actions while distancing out-of-distribution samples. We evaluate our framework on two challenging human-object interaction recognition datasets: Bimanual Actions and 2 Hands and Object (H2O) datasets. Experimental results demonstrate significant improvements over state-of-the-art action segmentation models across multiple open-set evaluation metrics, achieving 16.9% and 34.6% relative gains in open-set segmentation (F1@50) and out-of-distribution detection performances (AUROC), respectively. Additionally, we conduct an in-depth ablation study to assess the impact of each proposed component, identifying the optimal framework configuration for open-world action segmentation.","[""temporal action segmentation""]","[""Temporal Action Segmentation""]","[""fully-supervised""]","[""depth""]","[""long-video"", ""offline"", ""open-vocabulary""]","[""clustering""]",unknown,[],"[""Edit"", ""F1@10"", ""F1@25"", ""F1@50"", ""frame accuracy""]",[],"[""See the original paper for scope and assumptions.""]",The paper predicts temporally dense action labels or contiguous semantic action segments and evaluates temporal segmentation.,True,True,library/pdfs/2025_Preprint_Xing_towards_open_world_human_action_segmentation_using_grap.pdf,38664f7cdb205deb56c4cc497288fa29daa3349ad337e577dca56d66a7336ffe,False,"[""https://arxiv.org/abs/2507.00756""]",2026-07-28,"arXiv 2507.00756; first submitted 2025-07-01; last updated 2025-12-11; comment=8 pages, 3 figures, accepted in IROS25, Hangzhou, China; journal_ref=none. No formal conference proceedings placement has been verified.",True,Direct TAS arXiv hit; formal publication status requires first-party proceedings verification.
2025-preprint-vifss-view-invariant-figure-skating,VIFSS: View-Invariant and Figure Skating-Specific Pose Representation Learning for Temporal Action Segmentation,"[""Ryota Tanaka"", ""Tomohiro Suzuki"", ""Keisuke Fujii""]",2025,Preprint,Preprint,preprint,,https://arxiv.org/pdf/2508.10281,https://arxiv.org/abs/2508.10281,,,,"Understanding human actions from videos plays a critical role across various domains, including sports analytics. In figure skating, accurately recognizing the type and timing of jumps a skater performs is essential for objective performance evaluation. However, this task typically requires expert-level knowledge due to the fine-grained and complex nature of jump procedures. While recent approaches have attempted to automate this task using Temporal Action Segmentation (TAS), there are two major limitations to TAS for figure skating: the annotated data is insufficient, and existing methods do not account for the inherent three-dimensional aspects and procedural structure of jump actions. In this work, we propose a new TAS framework for figure skating jumps that explicitly incorporates both the three-dimensional nature and the semantic procedure of jump movements. First, we propose a novel View-Invariant, Figure Skating-Specific pose representation learning approach (VIFSS) that combines contrastive learning as pre-training and action classification as fine-tuning. For view-invariant contrastive pre-training, we construct FS-Jump3D, the first publicly available 3D pose dataset specialized for figure skating jumps. Second, we introduce a fine-grained annotation scheme that marks the ``entry (preparation)'' and ``landing'' phases, enabling TAS models to learn the procedural structure of jumps. Extensive experiments demonstrate the effectiveness of our framework. Our method achieves over 92% F1@50 on element-level TAS, which requires recognizing both jump types and rotation levels. Furthermore, we show that view-invariant contrastive pre-training is particularly effective when fine-tuning data is limited, highlighting the practicality of our approach in real-world scenarios.","[""temporal action segmentation""]","[""Temporal Action Segmentation""]","[""fully-supervised""]","[""unknown""]","[""offline"", ""long-video""]","[""unknown""]",unknown,[],"[""Edit"", ""F1@10"", ""F1@25"", ""F1@50"", ""frame accuracy""]",[],"[""See the original paper for scope and assumptions.""]",The paper predicts temporally dense action labels or contiguous semantic action segments and evaluates temporal segmentation.,True,True,library/pdfs/2025_Preprint_Tanaka_vifss_view_invariant_and_figure_skating_specific_pose_r.pdf,4d4caa58e5c3fc38be2238e6da68d4a7bf653ae7b4fec6962f8b020396713bb6,False,"[""https://arxiv.org/abs/2508.10281""]",2026-07-28,arXiv 2508.10281; first submitted 2025-08-14; last updated 2025-08-14; comment=none; journal_ref=none. No formal conference proceedings placement has been verified.,True,Direct TAS arXiv hit; formal publication status requires first-party proceedings verification.
2024-acm-mm-workshop-3d-pose-based-figure-skating,3D Pose-Based Temporal Action Segmentation for Figure Skating: A Fine-Grained and Jump Procedure-Aware Annotation Approach,"[""Ryota Tanaka"", ""Tomohiro Suzuki"", ""Keisuke Fujii""]",2024,ACM MM Workshop,Extended-Vision,conference,https://dl.acm.org/doi/10.1145/3689061.3689077,https://arxiv.org/pdf/2408.16638,https://arxiv.org/abs/2408.16638,,,,unknown,"[""temporal action segmentation""]","[""Temporal Action Segmentation""]","[""fully-supervised""]","[""unknown""]","[""offline"", ""long-video""]","[""prototype-learning""]",unknown,[],"[""Edit"", ""F1@10"", ""F1@25"", ""F1@50"", ""frame accuracy""]",[],"[""See the original paper for scope and assumptions.""]",The paper predicts temporally dense action labels or contiguous semantic action segments and evaluates temporal segmentation.,True,True,library/pdfs/2024_ACMMMWorkshop_Tanaka_3d_pose_based_temporal_action_segmentation_for_figure_s.pdf,6f3c132db19b0a30ae9396df1f63ce2bab2eb82c45824cb2cc853fbd47312cb5,True,"[""https://dl.acm.org/doi/10.1145/3689061.3689077""]",2026-07-28,"Official workshop paper; kept in the extended list, not the main-conference core count.",False,
2024-bmvc-cost-sensitive-learning-long-tailed,Cost-Sensitive Learning for Long-Tailed Temporal Action Segmentation,"[""Zhanzhong Pang"", ""Fadime Sener"", ""Shrinivas Ramasubramanian"", ""Angela Yao""]",2024,BMVC,Top-Vision,conference,https://bmvc2024.org/proceedings/227/,https://bmva-archive.org.uk/bmvc/2024/papers/Paper_227/paper.pdf,https://arxiv.org/abs/2503.18358,,,,unknown,"[""temporal action segmentation""]","[""Temporal Action Segmentation""]","[""fully-supervised""]","[""unknown""]","[""offline"", ""long-video""]","[""structured-decoding""]",unknown,[],"[""Edit"", ""F1@10"", ""F1@25"", ""F1@50"", ""frame accuracy""]",[],"[""See the original paper for scope and assumptions.""]",The paper predicts temporally dense action labels or contiguous semantic action segments and evaluates temporal segmentation.,True,True,library/pdfs/2024_BMVC_Pang_cost_sensitive_learning_for_long_tailed_temporal_action.pdf,e0a495f80f124e39251494afaba2c58e16637640f490bee3f7e9d9d1bce40e05,True,"[""https://bmvc2024.org/proceedings/227/""]",2026-07-28,,False,
2024-cvpr-coherent-synthesis-incremental,Coherent Temporal Synthesis for Incremental Action Segmentation,"[""Guodong Ding"", ""Hans Golong"", ""Angela Yao""]",2024,CVPR,CCF-A,conference,https://openaccess.thecvf.com/content/CVPR2024/html/Ding_Coherent_Temporal_Synthesis_for_Incremental_Action_Segmentation_CVPR_2024_paper.html,https://openaccess.thecvf.com/content/CVPR2024/papers/Ding_Coherent_Temporal_Synthesis_for_Incremental_Action_Segmentation_CVPR_2024_paper.pdf,,,,,Data replay is a successful incremental learning technique for images. It prevents catastrophic forgetting by keeping a reservoir of previous data original or synthesized to ensure the model retains past knowledge while adapting to novel concepts. However its application in the video domain is rudimentary as it simply stores frame exemplars for action recognition. This paper presents the first exploration of video data replay techniques for incremental action segmentation focusing on action temporal modeling. We propose a Temporally Coherent Action (TCA) model which represents actions using a generative model instead of storing individual frames. The integration of a conditioning variable that captures temporal coherence allows our model to understand the evolution of action features over time. Therefore action segments generated by TCA for replay are diverse and temporally coherent. In a 10-task incremental setup on the Breakfast dataset our approach achieves significant increases in accuracy for up to 22% compared to the baselines.,"[""temporal action segmentation""]","[""Temporal Action Segmentation""]","[""fully-supervised""]","[""I3D-features""]","[""offline"", ""long-video""]","[""unknown""]",unknown,"[""Breakfast""]","[""Edit"", ""F1@10"", ""F1@25"", ""F1@50"", ""frame accuracy""]",[],"[""See the original paper for scope and assumptions.""]",The paper predicts temporally dense action labels or contiguous semantic action segments and evaluates temporal segmentation.,True,True,library/pdfs/2024_CVPR_Ding_coherent_temporal_synthesis_for_incremental_action_segm.pdf,b319eb0c8f6f117b51f6578cf18a767d1ef965363e45135e05b6c51edf7b23d2,True,"[""https://openaccess.thecvf.com/content/CVPR2024/html/Ding_Coherent_Temporal_Synthesis_for_Incremental_Action_Segmentation_CVPR_2024_paper.html""]",2026-07-28,,False,
2024-cvpr-efficient-effective-weakly-supervised-transition,Efficient and Effective Weakly-Supervised Action Segmentation via Action-Transition-Aware Boundary Alignment,"[""Angchi Xu"", ""Wei-Shi Zheng""]",2024,CVPR,CCF-A,conference,https://openaccess.thecvf.com/content/CVPR2024/html/Xu_Efficient_and_Effective_Weakly-Supervised_Action_Segmentation_via_Action-Transition-Aware_Boundary_Alignment_CVPR_2024_paper.html,https://openaccess.thecvf.com/content/CVPR2024/papers/Xu_Efficient_and_Effective_Weakly-Supervised_Action_Segmentation_via_Action-Transition-Aware_Boundary_Alignment_CVPR_2024_paper.pdf,,,,,Weakly-supervised action segmentation is a task of learning to partition a long video into several action segments where training videos are only accompanied by transcripts (ordered list of actions). Most of existing methods need to infer pseudo segmentation for training by serial alignment between all frames and the transcript which is time-consuming and hard to be parallelized while training. In this work we aim to escape from this inefficient alignment with massive but redundant frames and instead to directly localize a few action transitions for pseudo segmentation generation where a transition refers to the change from an action segment to its next adjacent one in the transcript. As the true transitions are submerged in noisy boundaries due to intra-segment visual variation we propose a novel Action-Transition-Aware Boundary Alignment (ATBA) framework to efficiently and effectively filter out noisy boundaries and detect transitions. In addition to boost the semantic learning in the case that noise is inevitably present in the pseudo segmentation we also introduce video-level losses to utilize the trusted video-level supervision. Extensive experiments show the effectiveness of our approach on both performance and training speed.,"[""temporal action segmentation""]","[""Temporal Action Segmentation""]","[""weakly-supervised""]","[""I3D-features""]","[""offline"", ""long-video""]","[""boundary-modeling""]",unknown,[],"[""Edit"", ""F1@10"", ""F1@25"", ""F1@50"", ""frame accuracy""]",[],"[""See the original paper for scope and assumptions.""]",The paper predicts temporally dense action labels or contiguous semantic action segments and evaluates temporal segmentation.,True,True,library/pdfs/2024_CVPR_Xu_efficient_and_effective_weakly_supervised_action_segmen.pdf,4663eb3e96c7e14fa4b768920cf43e7d3fc5d2d12dc57ae6bb0a18911c202a0a,True,"[""https://openaccess.thecvf.com/content/CVPR2024/html/Xu_Efficient_and_Effective_Weakly-Supervised_Action_Segmentation_via_Action-Transition-Aware_Boundary_Alignment_CVPR_2024_paper.html""]",2026-07-28,,False,
2024-cvpr-fact-frame-cross-attention-modeling,FACT: Frame-Action Cross-Attention Temporal Modeling for Efficient Action Segmentation,"[""Zijia Lu"", ""Ehsan Elhamifar""]",2024,CVPR,CCF-A,conference,https://openaccess.thecvf.com/content/CVPR2024/html/Lu_FACT_Frame-Action_Cross-Attention_Temporal_Modeling_for_Efficient_Action_Segmentation_CVPR_2024_paper.html,https://openaccess.thecvf.com/content/CVPR2024/papers/Lu_FACT_Frame-Action_Cross-Attention_Temporal_Modeling_for_Efficient_Action_Segmentation_CVPR_2024_paper.pdf,,,https://github.com/ZijiaLewisLu/CVPR2024-FACT,,We study supervised action segmentation whose goal is to predict framewise action labels of a video. To capture temporal dependencies over long horizons prior works either improve framewise features with transformer or refine framewise predictions with learned action features. However they are computationally costly and ignore that frame and action features contain complimentary information which can be leveraged to enhance both features and improve temporal modeling. Therefore we propose an efficient Frame-Action Cross-attention Temporal modeling (FACT) framework that performs temporal modeling with frame and action features in parallel and leverage this parallelism to achieve iterative bidirectional information transfer between the features and refine them. FACT network contains (i) a frame branch to learn frame-level information with convolutions and frame features (ii) an action branch to learn action-level dependencies with transformers and action tokens and (iii) cross-attentions to allow communication between the two branches. We also propose a new matching loss to ensure each action token uniquely encodes an action segment thus better captures its semantics. Thanks to our architecture we can also leverage textual transcripts of videos to help action segmentation. We evaluate FACT on four video datasets (two egocentric and two third-person) for action segmentation with and without transcripts showing that it significantly improves the state-of-the-art accuracy while enjoys lower computational cost (3 times faster) than existing transformer-based methods,"[""temporal action segmentation""]","[""Temporal Action Segmentation""]","[""fully-supervised""]","[""I3D-features""]","[""egocentric"", ""long-video"", ""offline""]","[""Transformer"", ""cross-attention"", ""VQ-tokenization""]",unknown,[],"[""Edit"", ""F1@10"", ""F1@25"", ""F1@50"", ""frame accuracy""]",[],"[""See the original paper for scope and assumptions.""]",The paper predicts temporally dense action labels or contiguous semantic action segments and evaluates temporal segmentation.,True,True,library/pdfs/2024_CVPR_Lu_fact_frame_action_cross_attention_temporal_modeling_for.pdf,7bcb6c6c832da6a49a1001130bb3b4d999049543141cd6c17c038b39e304920b,True,"[""https://openaccess.thecvf.com/content/CVPR2024/html/Lu_FACT_Frame-Action_Cross-Attention_Temporal_Modeling_for_Efficient_Action_Segmentation_CVPR_2024_paper.html""]",2026-07-28,,False,
2024-cvpr-progress-aware-online-egocentric-procedural,Progress-Aware Online Action Segmentation for Egocentric Procedural Task Videos,"[""Yuhan Shen"", ""Ehsan Elhamifar""]",2024,CVPR,CCF-A,conference,https://openaccess.thecvf.com/content/CVPR2024/html/Shen_Progress-Aware_Online_Action_Segmentation_for_Egocentric_Procedural_Task_Videos_CVPR_2024_paper.html,https://openaccess.thecvf.com/content/CVPR2024/papers/Shen_Progress-Aware_Online_Action_Segmentation_for_Egocentric_Procedural_Task_Videos_CVPR_2024_paper.pdf,,,,,We address the problem of online action segmentation for egocentric procedural task videos. While previous studies have mostly focused on offline action segmentation where entire videos are available for both training and inference the transition to online action segmentation is crucial for practical applications like AR/VR task assistants. Notably applying an offline-trained model directly to online inference results in a significant performance drop due to the inconsistency between training and inference. We propose an online action segmentation framework by first modifying existing architectures to make them causal. Second we develop a novel action progress prediction module to dynamically estimate the progress of ongoing actions and using them to refine the predictions of causal action segmentation. Third we propose to learn task graphs from training videos and leverage them to obtain smooth and procedure-consistent segmentations. With the combination of progress and task graph with casual action segmentation our framework effectively addresses prediction uncertainty and oversegmentation in online action segmentation and achieves significant improvement on three egocentric datasets.,"[""temporal action segmentation""]","[""Temporal Action Segmentation""]","[""fully-supervised""]","[""I3D-features""]","[""egocentric"", ""long-video"", ""online"", ""streaming""]","[""causal-model""]",unknown,[],"[""Edit"", ""F1@10"", ""F1@25"", ""F1@50"", ""frame accuracy""]",[],"[""See the original paper for scope and assumptions.""]",The paper predicts temporally dense action labels or contiguous semantic action segments and evaluates temporal segmentation.,True,True,library/pdfs/2024_CVPR_Shen_progress_aware_online_action_segmentation_for_egocentri.pdf,0cb463a1b9b7343fb7333313a09646e6a77abca54ec5283d76d0d4ed8fe31fff,True,"[""https://openaccess.thecvf.com/content/CVPR2024/html/Shen_Progress-Aware_Online_Action_Segmentation_for_Egocentric_Procedural_Task_Videos_CVPR_2024_paper.html""]",2026-07-28,,False,
2024-cvpr-temporally-consistent-unbalanced-optimal-transport,Temporally Consistent Unbalanced Optimal Transport for Unsupervised Action Segmentation,"[""Ming Xu"", ""Stephen Gould""]",2024,CVPR,CCF-A,conference,https://openaccess.thecvf.com/content/CVPR2024/html/Xu_Temporally_Consistent_Unbalanced_Optimal_Transport_for_Unsupervised_Action_Segmentation_CVPR_2024_paper.html,https://openaccess.thecvf.com/content/CVPR2024/papers/Xu_Temporally_Consistent_Unbalanced_Optimal_Transport_for_Unsupervised_Action_Segmentation_CVPR_2024_paper.pdf,,,https://github.com/mingu6/action-segmentation-ot,,We propose a novel approach to the action segmentation task for long untrimmed videos based on solving an optimal transport problem. By encoding a temporal consistency prior into a Gromov-Wasserstein problem we are able to decode a temporally consistent segmentation from a noisy affinity/matching cost matrix between video frames and action classes. Unlike previous approaches our method does not require knowing the action order for a video to attain temporal consistency. Furthermore our resulting (fused) Gromov-Wasserstein problem can be efficiently solved on GPUs using a few iterations of projected mirror descent. We demonstrate the effectiveness of our method in an unsupervised learning setting where our method is used to generate pseudo-labels for self-training. We evaluate our segmentation approach and unsupervised learning pipeline on the Breakfast 50-Salads YouTube Instructions and Desktop Assembly datasets yielding state-of-the-art results for the unsupervised video action segmentation task.,"[""temporal action segmentation""]","[""Temporal Action Segmentation""]","[""unsupervised""]","[""I3D-features""]","[""offline"", ""long-video""]","[""optimal-transport""]",unknown,"[""Breakfast""]","[""Edit"", ""F1@10"", ""F1@25"", ""F1@50"", ""frame accuracy""]",[],"[""See the original paper for scope and assumptions.""]",The paper predicts temporally dense action labels or contiguous semantic action segments and evaluates temporal segmentation.,True,True,library/pdfs/2024_CVPR_Xu_temporally_consistent_unbalanced_optimal_transport_for.pdf,1dd2830e81663e8376331e3f972b926f303dc26a04d6e9944875762bec194c8f,True,"[""https://openaccess.thecvf.com/content/CVPR2024/html/Xu_Temporally_Consistent_Unbalanced_Optimal_Transport_for_Unsupervised_Action_Segmentation_CVPR_2024_paper.html""]",2026-07-28,,False,
2024-eccv-language-assisted-skeleton-understanding-skeleton,Language-Assisted Skeleton Action Understanding for Skeleton-Based Temporal Action Segmentation,"[""Haoyu Ji"", ""Bowen Chen"", ""Xinglong Xu"", ""Weihong Ren"", ""Zhiyong Wang"", ""Honghai Liu""]",2024,ECCV,Top-Vision,conference,https://eccv.ecva.net/virtual/2024/poster/1462,https://www.ecva.net/papers/eccv_2024/papers_ECCV/papers/07145.pdf,,,,,unknown,"[""temporal action segmentation""]","[""Skeleton-based Temporal Action Segmentation""]","[""fully-supervised""]","[""skeleton""]","[""offline"", ""long-video""]","[""language-model"", ""contrastive-learning""]",unknown,[],"[""Edit"", ""F1@10"", ""F1@25"", ""F1@50"", ""frame accuracy""]",[],"[""See the original paper for scope and assumptions.""]",The paper predicts temporally dense action labels or contiguous semantic action segments and evaluates temporal segmentation.,True,True,library/pdfs/2024_ECCV_Ji_language_assisted_skeleton_action_understanding_for_ske.pdf,ab896e98a022acc6587fd537c5435a223077dfef88a900e4c259a555a35d96d8,True,"[""https://eccv.ecva.net/virtual/2024/poster/1462""]",2026-07-28,,False,
2024-eccv-long-tail-group-wise-logit,Long-Tail Temporal Action Segmentation with Group-wise Temporal Logit Adjustment,"[""Zhanzhong Pang"", ""Fadime Sener"", ""Shrinivas Ramasubramanian"", ""Angela Yao""]",2024,ECCV,Top-Vision,conference,https://www.ecva.net/papers/eccv_2024/papers_ECCV/html/4389_ECCV_2024_paper.php,https://www.ecva.net/papers/eccv_2024/papers_ECCV/papers/04389.pdf,https://arxiv.org/abs/2408.09919,,https://github.com/pangzhan27/GTLA,,unknown,"[""temporal action segmentation""]","[""Temporal Action Segmentation""]","[""fully-supervised""]","[""unknown""]","[""offline"", ""long-video""]","[""structured-decoding""]",unknown,[],"[""Edit"", ""F1@10"", ""F1@25"", ""F1@50"", ""frame accuracy""]",[],"[""See the original paper for scope and assumptions.""]",The paper predicts temporally dense action labels or contiguous semantic action segments and evaluates temporal segmentation.,True,True,library/pdfs/2024_ECCV_Pang_long_tail_temporal_action_segmentation_with_group_wise.pdf,390232115e151028899c16f6b3d9b6cf81124d9e2fb2ea776e5180e185e4db72,True,"[""https://www.ecva.net/papers/eccv_2024/papers_ECCV/html/4389_ECCV_2024_paper.php""]",2026-07-28,,False,
2024-neurips-actfusion-unified-diffusion-model-anticipation,ActFusion: a Unified Diffusion Model for Action Segmentation and Anticipation,"[""Dayoung Gong"", ""Suha Kwak"", ""Minsu Cho""]",2024,NeurIPS,CCF-A,conference,https://proceedings.neurips.cc/paper_files/paper/2024/hash/a3a661eb3308d0bb686f6a4bac521032-Abstract-Conference.html,https://proceedings.neurips.cc/paper_files/paper/2024/file/a3a661eb3308d0bb686f6a4bac521032-Paper-Conference.pdf,https://arxiv.org/abs/2412.04353,,,,unknown,"[""temporal action segmentation""]","[""Temporal Action Segmentation""]","[""fully-supervised""]","[""unknown""]","[""offline"", ""long-video""]","[""diffusion""]",unknown,[],"[""Edit"", ""F1@10"", ""F1@25"", ""F1@50"", ""frame accuracy""]",[],"[""See the original paper for scope and assumptions.""]",The paper predicts temporally dense action labels or contiguous semantic action segments and evaluates temporal segmentation.,True,True,library/pdfs/2024_NeurIPS_Gong_actfusion_a_unified_diffusion_model_for_action_segmenta.pdf,70aa1a0bcc4ed852a92b6708010d3dc104bad40db5a6d6611f60376a984344c0,True,"[""https://proceedings.neurips.cc/paper_files/paper/2024/hash/a3a661eb3308d0bb686f6a4bac521032-Abstract-Conference.html""]",2026-07-28,,False,
2024-neurips-efficient-boundary-aware-query-voting,Efficient Temporal Action Segmentation via Boundary-aware Query Voting,"[""Peiyao Wang"", ""Yuewei Lin"", ""Erik Blasch"", ""Jie Wei"", ""Haibin Ling""]",2024,NeurIPS,CCF-A,conference,https://proceedings.neurips.cc/paper_files/paper/2024/hash/42770daf4a3384b712ea9c36e9279998-Abstract-Conference.html,https://proceedings.neurips.cc/paper_files/paper/2024/file/42770daf4a3384b712ea9c36e9279998-Paper-Conference.pdf,https://arxiv.org/abs/2405.15995,,https://github.com/peiyao-w/BaFormer,,unknown,"[""temporal action segmentation""]","[""Temporal Action Segmentation""]","[""fully-supervised""]","[""unknown""]","[""offline"", ""long-video""]","[""boundary-modeling""]",unknown,[],"[""Edit"", ""F1@10"", ""F1@25"", ""F1@50"", ""frame accuracy""]",[],"[""See the original paper for scope and assumptions.""]",The paper predicts temporally dense action labels or contiguous semantic action segments and evaluates temporal segmentation.,True,True,library/pdfs/2024_NeurIPS_Wang_efficient_temporal_action_segmentation_via_boundary_awa.pdf,c0d1044c22941039550d4ddc2e216bf360db1f4784faf22f4e122db024481c36,True,"[""https://proceedings.neurips.cc/paper_files/paper/2024/hash/42770daf4a3384b712ea9c36e9279998-Abstract-Conference.html""]",2026-07-28,,False,
2024-neurips-onlinetas-online-baseline,OnlineTAS: An Online Baseline for Temporal Action Segmentation,"[""Shijie Li"", ""Yazan Abu Farha"", ""Juergen Gall""]",2024,NeurIPS,CCF-A,conference,https://papers.nips.cc/paper_files/paper/2024/hash/6c6c5fccf3c8661fcae219be7ca226f7-Abstract-Conference.html,https://papers.nips.cc/paper_files/paper/2024/file/6c6c5fccf3c8661fcae219be7ca226f7-Paper-Conference.pdf,https://arxiv.org/abs/2411.01122,,,,unknown,"[""temporal action segmentation""]","[""Temporal Action Segmentation""]","[""fully-supervised""]","[""unknown""]","[""long-video"", ""online"", ""streaming""]","[""TCN"", ""causal-model""]",unknown,[],"[""Edit"", ""F1@10"", ""F1@25"", ""F1@50"", ""frame accuracy""]",[],"[""See the original paper for scope and assumptions.""]",The paper predicts temporally dense action labels or contiguous semantic action segments and evaluates temporal segmentation.,True,True,library/pdfs/2024_NeurIPS_Li_onlinetas_an_online_baseline_for_temporal_action_segmen.pdf,193b75d777751fff4829da96a02b70fc9f201edd49f07042b50e4ed4b54f8351,True,"[""https://papers.nips.cc/paper_files/paper/2024/hash/6c6c5fccf3c8661fcae219be7ca226f7-Abstract-Conference.html""]",2026-07-28,,False,
2024-preprint-2by2-weakly-supervised-learning-global,2by2: Weakly-Supervised Learning for Global Action Segmentation,"[""Elena Bueno-Benito"", ""Mariella Dimiccoli""]",2024,Preprint,Preprint,preprint,,https://arxiv.org/pdf/2412.12829,https://arxiv.org/abs/2412.12829,10.1007/978-3-031-78125-4_26,,,"This paper presents a simple yet effective approach for the poorly investigated task of global action segmentation, aiming at grouping frames capturing the same action across videos of different activities. Unlike the case of videos depicting all the same activity, the temporal order of actions is not roughly shared among all videos, making the task even more challenging. We propose to use activity labels to learn, in a weakly-supervised fashion, action representations suitable for global action segmentation. For this purpose, we introduce a triadic learning approach for video pairs, to ensure intra-video action discrimination, as well as inter-video and inter-activity action association. For the backbone architecture, we use a Siamese network based on sparse transformers that takes as input video pairs and determine whether they belong to the same activity. The proposed approach is validated on two challenging benchmark datasets: Breakfast and YouTube Instructions, outperforming state-of-the-art methods.","[""temporal action segmentation""]","[""Temporal Action Segmentation""]","[""weakly-supervised""]","[""unknown""]","[""offline"", ""long-video""]","[""Transformer""]",unknown,"[""Breakfast""]","[""Edit"", ""F1@10"", ""F1@25"", ""F1@50"", ""frame accuracy""]",[],"[""See the original paper for scope and assumptions.""]",The paper predicts temporally dense action labels or contiguous semantic action segments and evaluates temporal segmentation.,True,True,library/pdfs/2024_Preprint_Bueno-Benito_2by2_weakly_supervised_learning_for_global_action_segme.pdf,56dd12634c2fb3f0688749dbe12aadfaa474532df9b886526390da6738e7da12,False,"[""https://arxiv.org/abs/2412.12829""]",2026-07-28,"arXiv 2412.12829; first submitted 2024-12-17; last updated 2024-12-17; comment=none; journal_ref=vol 15332, year 2024, pp 380-395. No formal conference proceedings placement has been verified.",True,Direct TAS arXiv hit; formal publication status requires first-party proceedings verification.
2024-preprint-study-animal-algorithms-across-supervised,"A study of animal action segmentation algorithms across supervised, unsupervised, and semi-supervised learning paradigms","[""Ari Blau"", ""Evan S Schaffer"", ""Neeli Mishra"", ""Nathaniel J Miska"", ""The International Brain Laboratory"", ""Liam Paninski"", ""Matthew R Whiteway""]",2024,Preprint,Preprint,preprint,,https://arxiv.org/pdf/2407.16727,https://arxiv.org/abs/2407.16727,,,,"Action segmentation of behavioral videos is the process of labeling each frame as belonging to one or more discrete classes, and is a crucial component of many studies that investigate animal behavior. A wide range of algorithms exist to automatically parse discrete animal behavior, encompassing supervised, unsupervised, and semi-supervised learning paradigms. These algorithms -- which include tree-based models, deep neural networks, and graphical models -- differ widely in their structure and assumptions on the data. Using four datasets spanning multiple species -- fly, mouse, and human -- we systematically study how the outputs of these various algorithms align with manually annotated behaviors of interest. Along the way, we introduce a semi-supervised action segmentation model that bridges the gap between supervised deep neural networks and unsupervised graphical models. We find that fully supervised temporal convolutional networks with the addition of temporal information in the observations perform the best on our supervised metrics across all datasets.","[""temporal action segmentation""]","[""Temporal Action Segmentation""]","[""semi-supervised""]","[""unknown""]","[""offline"", ""long-video""]","[""TCN""]",unknown,[],"[""Edit"", ""F1@10"", ""F1@25"", ""F1@50"", ""frame accuracy""]",[],"[""See the original paper for scope and assumptions.""]",The paper predicts temporally dense action labels or contiguous semantic action segments and evaluates temporal segmentation.,True,True,library/pdfs/2024_Preprint_Blau_a_study_of_animal_action_segmentation_algorithms_across.pdf,1308b2b16c98287892930770f1fd1b67ce7bc7f166ce331cde1a389b45507b3f,False,"[""https://arxiv.org/abs/2407.16727""]",2026-07-28,"arXiv 2407.16727; first submitted 2024-07-23; last updated 2024-12-17; comment=33 pages, 15 figures; journal_ref=none. No formal conference proceedings placement has been verified.",True,Direct TAS arXiv hit; formal publication status requires first-party proceedings verification.
2024-preprint-faster-diffusion,Faster Diffusion Action Segmentation,"[""Shuaibing Wang"", ""Shunli Wang"", ""Mingcheng Li"", ""Dingkang Yang"", ""Haopeng Kuang"", ""Ziyun Qian"", ""Lihua Zhang""]",2024,Preprint,Preprint,preprint,,https://arxiv.org/pdf/2408.02024,https://arxiv.org/abs/2408.02024,,,,"Temporal Action Segmentation (TAS) is an essential task in video analysis, aiming to segment and classify continuous frames into distinct action segments. However, the ambiguous boundaries between actions pose a significant challenge for high-precision segmentation. Recent advances in diffusion models have demonstrated substantial success in TAS tasks due to their stable training process and high-quality generation capabilities. However, the heavy sampling steps required by diffusion models pose a substantial computational burden, limiting their practicality in real-time applications. Additionally, most related works utilize Transformer-based encoder architectures. Although these architectures excel at capturing long-range dependencies, they incur high computational costs and face feature-smoothing issues when processing long video sequences. To address these challenges, we propose EffiDiffAct, an efficient and high-performance TAS algorithm. Specifically, we develop a lightweight temporal feature encoder that reduces computational overhead and mitigates the rank collapse phenomenon associated with traditional self-attention mechanisms. Furthermore, we introduce an adaptive skip strategy that allows for dynamic adjustment of timestep lengths based on computed similarity metrics during inference, thereby further enhancing computational efficiency. Comprehensive experiments on the 50Salads, Breakfast, and GTEA datasets demonstrated the effectiveness of the proposed algorithm.","[""temporal action segmentation""]","[""Temporal Action Segmentation""]","[""fully-supervised""]","[""unknown""]","[""offline"", ""long-video""]","[""Transformer"", ""diffusion""]",unknown,"[""Breakfast"", ""50Salads"", ""GTEA""]","[""Edit"", ""F1@10"", ""F1@25"", ""F1@50"", ""frame accuracy""]",[],"[""See the original paper for scope and assumptions.""]",The paper predicts temporally dense action labels or contiguous semantic action segments and evaluates temporal segmentation.,True,True,library/pdfs/2024_Preprint_Wang_faster_diffusion_action_segmentation.pdf,1142864906fddb4cc904c14bea85bbce25ea0e889362abfda7fe2bfad64b06b7,False,"[""https://arxiv.org/abs/2408.02024""]",2026-07-28,"arXiv 2408.02024; first submitted 2024-08-04; last updated 2024-08-04; comment=25 pages, 6 figures; journal_ref=none. No formal conference proceedings placement has been verified.",True,Direct TAS arXiv hit; formal publication status requires first-party proceedings verification.
2024-preprint-friends-across-time-multi-scale,Friends Across Time: Multi-Scale Action Segmentation Transformer for Surgical Phase Recognition,"[""Bokai Zhang"", ""Jiayuan Meng"", ""Bin Cheng"", ""Dean Biskup"", ""Svetlana Petculescu"", ""Angela Chapman""]",2024,Preprint,Preprint,preprint,,https://arxiv.org/pdf/2401.11644,https://arxiv.org/abs/2401.11644,,,,"Automatic surgical phase recognition is a core technology for modern operating rooms and online surgical video assessment platforms. Current state-of-the-art methods use both spatial and temporal information to tackle the surgical phase recognition task. Building on this idea, we propose the Multi-Scale Action Segmentation Transformer (MS-AST) for offline surgical phase recognition and the Multi-Scale Action Segmentation Causal Transformer (MS-ASCT) for online surgical phase recognition. We use ResNet50 or EfficientNetV2-M for spatial feature extraction. Our MS-AST and MS-ASCT can model temporal information at different scales with multi-scale temporal self-attention and multi-scale temporal cross-attention, which enhances the capture of temporal relationships between frames and segments. We demonstrate that our method can achieve 95.26% and 96.15% accuracy on the Cholec80 dataset for online and offline surgical phase recognition, respectively, which achieves new state-of-the-art results. Our method can also achieve state-of-the-art results on non-medical datasets in the video action segmentation domain.","[""temporal action segmentation""]","[""Temporal Action Segmentation""]","[""fully-supervised""]","[""unknown""]","[""long-video"", ""online"", ""streaming""]","[""Transformer"", ""cross-attention"", ""causal-model""]",unknown,"[""Cholec80""]","[""Edit"", ""F1@10"", ""F1@25"", ""F1@50"", ""frame accuracy""]",[],"[""See the original paper for scope and assumptions.""]",The paper predicts temporally dense action labels or contiguous semantic action segments and evaluates temporal segmentation.,True,True,library/pdfs/2024_Preprint_Zhang_friends_across_time_multi_scale_action_segmentation_tra.pdf,13ada677d8a9f90fe98bca94c3700fb77efa1d4792b6011a72cf0c33563e4725,False,"[""https://arxiv.org/abs/2401.11644""]",2026-07-28,arXiv 2401.11644; first submitted 2024-01-22; last updated 2024-01-22; comment=none; journal_ref=none. No formal conference proceedings placement has been verified.,True,Direct TAS arXiv hit; formal publication status requires first-party proceedings verification.
2024-preprint-language-assisted-human-part-motion,Language-Assisted Human Part Motion Learning for Skeleton-Based Temporal Action Segmentation,"[""Bowen Chen"", ""Haoyu Ji"", ""Zhiyong Wang"", ""Benjamin Filtjens"", ""Chunzhuo Wang"", ""Weihong Ren"", ""Bart Vanrumste"", ""Honghai Liu""]",2024,Preprint,Preprint,preprint,,https://arxiv.org/pdf/2410.06353,https://arxiv.org/abs/2410.06353,,,,"Skeleton-based Temporal Action Segmentation involves the dense action classification of variable-length skeleton sequences. Current approaches primarily apply graph-based networks to extract framewise, whole-body-level motion representations, and use one-hot encoded labels for model optimization. However, whole-body motion representations do not capture fine-grained part-level motion representations and the one-hot encoded labels neglect the intrinsic semantic relationships within the language-based action definitions. To address these limitations, we propose a novel method named Language-assisted Human Part Motion Representation Learning (LPL), which contains a Disentangled Part Motion Encoder (DPE) to extract dual-level (i.e., part and whole-body) motion representations and a Language-assisted Distribution Alignment (LDA) strategy for optimizing spatial relations within representations. Specifically, after part-aware skeleton encoding via DPE, LDA generates dual-level action descriptions to construct a textual embedding space with the help of a large-scale language model. Then, LDA motivates the alignment of the embedding space between text descriptions and motions. This alignment allows LDA not only to enhance intra-class compactness but also to transfer the language-encoded semantic correlations among actions to skeleton-based motion learning. Moreover, we propose a simple yet efficient Semantic Offset Adapter to smooth the cross-domain misalignment. Our experiments indicate that LPL achieves state-of-the-art performance across various datasets (e.g., +4.4\% Accuracy, +5.6\% F1 on the PKU-MMD dataset). Moreover, LDA is compatible with existing methods and improves their performance (e.g., +4.8\% Accuracy, +4.3\% F1 on the LARa dataset) without additional inference costs.","[""temporal action segmentation""]","[""Skeleton-based Temporal Action Segmentation""]","[""fully-supervised""]","[""skeleton"", ""video-language""]","[""offline"", ""long-video""]","[""unknown""]",unknown,"[""PKU-MMD"", ""LARa""]","[""Edit"", ""F1@10"", ""F1@25"", ""F1@50"", ""frame accuracy""]",[],"[""See the original paper for scope and assumptions.""]",The paper predicts temporally dense action labels or contiguous semantic action segments and evaluates temporal segmentation.,True,True,library/pdfs/2024_Preprint_Chen_language_assisted_human_part_motion_learning_for_skelet.pdf,4429ce3f6d603fee2f856147f02d2ab947ca45b834e73ead348379b10beb51be,False,"[""https://arxiv.org/abs/2410.06353""]",2026-07-28,arXiv 2410.06353; first submitted 2024-10-08; last updated 2024-10-08; comment=This work has been submitted to the IEEE for possible publication; journal_ref=none. No formal conference proceedings placement has been verified.,True,Direct TAS arXiv hit; formal publication status requires first-party proceedings verification.
2024-preprint-o-talc-steps-towards-combating,O-TALC: Steps Towards Combating Oversegmentation within Online Action Segmentation,"[""Matthew Kent Myers"", ""Nick Wright"", ""A. Stephen McGough"", ""Nicholas Martin""]",2024,Preprint,Preprint,preprint,,https://arxiv.org/pdf/2404.06894,https://arxiv.org/abs/2404.06894,,,,"Online temporal action segmentation shows a strong potential to facilitate many HRI tasks where extended human action sequences must be tracked and understood in real time. Traditional action segmentation approaches, however, operate in an offline two stage approach, relying on computationally expensive video wide features for segmentation, rendering them unsuitable for online HRI applications. In order to facilitate online action segmentation on a stream of incoming video data, we introduce two methods for improved training and inference of backbone action recognition models, allowing them to be deployed directly for online frame level classification. Firstly, we introduce surround dense sampling whilst training to facilitate training vs. inference clip matching and improve segment boundary predictions. Secondly, we introduce an Online Temporally Aware Label Cleaning (O-TALC) strategy to explicitly reduce oversegmentation during online inference. As our methods are backbone invariant, they can be deployed with computationally efficient spatio-temporal action recognition models capable of operating in real time with a small segmentation latency. We show our method outperforms similar online action segmentation work as well as matches the performance of many offline models with access to full temporal resolution when operating on challenging fine-grained datasets.","[""temporal action segmentation""]","[""Temporal Action Segmentation""]","[""fully-supervised""]","[""unknown""]","[""long-video"", ""online"", ""streaming""]","[""boundary-modeling""]",unknown,[],"[""Edit"", ""F1@10"", ""F1@25"", ""F1@50"", ""frame accuracy""]",[],"[""See the original paper for scope and assumptions.""]",The paper predicts temporally dense action labels or contiguous semantic action segments and evaluates temporal segmentation.,True,True,library/pdfs/2024_Preprint_Myers_o_talc_steps_towards_combating_oversegmentation_within.pdf,43a62ffa42686fb615ab3356ff27d28af7a8ff3df381710a273da39b995b1e38,False,"[""https://arxiv.org/abs/2404.06894""]",2026-07-28,"arXiv 2404.06894; first submitted 2024-04-10; last updated 2024-04-10; comment=5 pages, 3 figures. Accepted as a short (unindexed) paper at the TAHRI conference; journal_ref=none. No formal conference proceedings placement has been verified.",True,Direct TAS arXiv hit; formal publication status requires first-party proceedings verification.
2024-preprint-stitch-contrast-segment-learning-human,Stitch Contrast and Segment_Learning a Human Action Segmentation Model Using Trimmed Skeleton Videos,"[""Haitao Tian"", ""Pierre Payeur""]",2024,Preprint,Preprint,preprint,,https://arxiv.org/pdf/2412.14988,https://arxiv.org/abs/2412.14988,,,,"Existing skeleton-based human action classification models rely on well-trimmed action-specific skeleton videos for both training and testing, precluding their scalability to real-world applications where untrimmed videos exhibiting concatenated actions are predominant. To overcome this limitation, recently introduced skeleton action segmentation models involve un-trimmed skeleton videos into end-to-end training. The model is optimized to provide frame-wise predictions for any length of testing videos, simultaneously realizing action localization and classification. Yet, achieving such an improvement im-poses frame-wise annotated skeleton videos, which remains time-consuming in practice. This paper features a novel framework for skeleton-based action segmentation trained on short trimmed skeleton videos, but that can run on longer un-trimmed videos. The approach is implemented in three steps: Stitch, Contrast, and Segment. First, Stitch proposes a tem-poral skeleton stitching scheme that treats trimmed skeleton videos as elementary human motions that compose a semantic space and can be sampled to generate multi-action stitched se-quences. Contrast learns contrastive representations from stitched sequences with a novel discrimination pretext task that enables a skeleton encoder to learn meaningful action-temporal contexts to improve action segmentation. Finally, Segment relates the proposed method to action segmentation by learning a segmentation layer while handling particular da-ta availability. Experiments involve a trimmed source dataset and an untrimmed target dataset in an adaptation formulation for real-world skeleton-based human action segmentation to evaluate the effectiveness of the proposed method.","[""temporal action segmentation""]","[""Skeleton-based Temporal Action Segmentation""]","[""fully-supervised""]","[""skeleton"", ""IMU""]","[""offline"", ""long-video""]","[""unknown""]",unknown,[],"[""Edit"", ""F1@10"", ""F1@25"", ""F1@50"", ""frame accuracy""]",[],"[""See the original paper for scope and assumptions.""]",The paper predicts temporally dense action labels or contiguous semantic action segments and evaluates temporal segmentation.,True,True,library/pdfs/2024_Preprint_Tian_stitch_contrast_and_segment_learning_a_human_action_seg.pdf,1f3880ddf595d604455e32fdbd3f49f43fe1aedaa9cb76fd8d2de4a9430bd286,False,"[""https://arxiv.org/abs/2412.14988""]",2026-07-28,arXiv 2412.14988; first submitted 2024-12-19; last updated 2024-12-21; comment=Accepted at AAAI 2025; journal_ref=none. No formal conference proceedings placement has been verified.,True,Direct TAS arXiv hit; formal publication status requires first-party proceedings verification.
2024-wacv-otas-unsupervised-boundary-detection-object,OTAS: Unsupervised Boundary Detection for Object-Centric Temporal Action Segmentation,"[""Yuerong Li"", ""Zhengrong Xue"", ""Huazhe Xu""]",2024,WACV,Top-Vision,conference,https://openaccess.thecvf.com/content/WACV2024/html/Li_OTAS_Unsupervised_Boundary_Detection_for_Object-Centric_Temporal_Action_Segmentation_WACV_2024_paper.html,https://openaccess.thecvf.com/content/WACV2024/papers/Li_OTAS_Unsupervised_Boundary_Detection_for_Object-Centric_Temporal_Action_Segmentation_WACV_2024_paper.pdf,,,,,"Temporal action segmentation is typically achieved by discovering the dramatic variances in global visual descriptors. In this paper, we explore the merits of local features by proposing the unsupervised framework of Object-centric Temporal Action Segmentation (OTAS). Broadly speaking, OTAS consists of self-supervised global and local feature extraction modules as well as a boundary selection module that fuses the features and detects salient boundaries for action segmentation. As a second contribution, we discuss the pros and cons of existing frame-level and boundary-level evaluation metrics. Through extensive experiments, we find OTAS is superior to the previous state-of-the-art method by 41% on average in terms of our recommended F1 score. Surprisingly, OTAS even outperforms the ground-truth human annotations in the user study. Moreover, OTAS is efficient enough to allow real-time inference","[""temporal action segmentation""]","[""Temporal Action Segmentation""]","[""self-supervised""]","[""I3D-features""]","[""offline"", ""long-video""]","[""boundary-modeling""]",unknown,[],"[""Edit"", ""F1@10"", ""F1@25"", ""F1@50"", ""frame accuracy""]",[],"[""See the original paper for scope and assumptions.""]",The paper predicts temporally dense action labels or contiguous semantic action segments and evaluates temporal segmentation.,True,True,library/pdfs/2024_WACV_Li_otas_unsupervised_boundary_detection_for_object_centric.pdf,35cbdec19e2249b597b8041948090ab27627b478f9d9d1e5a55de0e7ef2083af,True,"[""https://openaccess.thecvf.com/content/WACV2024/html/Li_OTAS_Unsupervised_Boundary_Detection_for_Object-Centric_Temporal_Action_Segmentation_WACV_2024_paper.html""]",2026-07-28,,False,
2024-wacv-random-walks-timestamp-supervision,Random Walks for Temporal Action Segmentation With Timestamp Supervision,"[""Roy Hirsch"", ""Regev Cohen"", ""Tomer Golany"", ""Daniel Freedman"", ""Ehud Rivlin""]",2024,WACV,Top-Vision,conference,https://openaccess.thecvf.com/content/WACV2024/html/Hirsch_Random_Walks_for_Temporal_Action_Segmentation_With_Timestamp_Supervision_WACV_2024_paper.html,https://openaccess.thecvf.com/content/WACV2024/papers/Hirsch_Random_Walks_for_Temporal_Action_Segmentation_With_Timestamp_Supervision_WACV_2024_paper.pdf,,,,,"Temporal action segmentation relates to high-level video understanding, commonly formulated as frame-wise classification of untrimmed videos into predefined actions. Fully-supervised deep-learning approaches require dense video annotations which are time and money consuming. Furthermore, the temporal boundaries between consecutive actions typically are not well-defined, leading to inherent ambiguity and inter-rater disagreement. A promising approach to remedy these limitations is timestamp supervision, requiring only one labeled frame per action instance in a training video. In this work, we reformulate the task of temporal segmentation as a graph segmentation problem with weakly-labeled vertices. We introduce an efficient segmentation method based on random walks on graphs, obtained by solving a sparse system of linear equations. Furthermore, the proposed technique can be employed in any one or combination of the following forms: (1) as a standalone solution for generating dense pseudo-labels from timestamps; (2) as a training loss; (3) as a smoothing mechanism given intermediate predictions. Extensive experiments with three datasets (50Salads, Breakfast, GTEA) show that our method competes with state-of-the-art, and allows the identification of regions of uncertainty around action boundaries.","[""temporal action segmentation""]","[""Temporal Action Segmentation""]","[""timestamp-supervised""]","[""I3D-features""]","[""offline"", ""long-video""]","[""unknown""]",unknown,"[""Breakfast"", ""50Salads"", ""GTEA""]","[""Edit"", ""F1@10"", ""F1@25"", ""F1@50"", ""frame accuracy""]",[],"[""See the original paper for scope and assumptions.""]",The paper predicts temporally dense action labels or contiguous semantic action segments and evaluates temporal segmentation.,True,True,library/pdfs/2024_WACV_Hirsch_random_walks_for_temporal_action_segmentation_with_time.pdf,53f4c3b80c40500a459376efedbc94ca20c66a8a05d1fb937e980af28afae98d,True,"[""https://openaccess.thecvf.com/content/WACV2024/html/Hirsch_Random_Walks_for_Temporal_Action_Segmentation_With_Timestamp_Supervision_WACV_2024_paper.html""]",2026-07-28,,False,
2024-wacv-united-we-stand-divided-we,"United We Stand, Divided We Fall: UnityGraph for Unsupervised Procedure Learning From Videos","[""Siddhant Bansal"", ""Chetan Arora"", ""C. V. Jawahar""]",2024,WACV,Top-Vision,conference,https://openaccess.thecvf.com/content/WACV2024/html/Bansal_United_We_Stand_Divided_We_Fall_UnityGraph_for_Unsupervised_Procedure_WACV_2024_paper.html,https://openaccess.thecvf.com/content/WACV2024/papers/Bansal_United_We_Stand_Divided_We_Fall_UnityGraph_for_Unsupervised_Procedure_WACV_2024_paper.pdf,,,,,"Given multiple videos of the same task, procedure learning addresses identifying the key-steps and determining their order to perform the task. For this purpose, existing approaches use the signal generated from a pair of videos. This makes key-steps discovery challenging as the algorithms lack inter-videos perspective. Instead, we propose an unsupervised Graph-based Procedure Learning (GPL) framework. GPL consists of the novel UnityGraph that represents all the videos of a task as a graph to obtain both intra-video and inter-videos context. Further, to obtain similar embeddings for the same key-steps, the embeddings of UnityGraph are updated in an unsupervised manner using the Node2Vec algorithm. Finally, to identify the key-steps, we cluster the embeddings using KMeans. We test GPL on benchmark ProceL, CrossTask, and EgoProceL datasets and achieve an average improvement of 2% on third-person datasets and 3.6% on EgoProceL over the state-of-the-art.","[""temporal action segmentation""]","[""Temporal Action Segmentation""]","[""unsupervised""]","[""I3D-features""]","[""offline"", ""long-video""]","[""unknown""]",unknown,"[""CrossTask""]","[""Edit"", ""F1@10"", ""F1@25"", ""F1@50"", ""frame accuracy""]",[],"[""See the original paper for scope and assumptions.""]",The paper predicts temporally dense action labels or contiguous semantic action segments and evaluates temporal segmentation.,True,True,library/pdfs/2024_WACV_Bansal_united_we_stand_divided_we_fall_unitygraph_for_unsuperv.pdf,f5252cec1f2f9d9b73fe211a3e4a4f291fcbd49eafad7f8a41953b68e91d06d3,True,"[""https://openaccess.thecvf.com/content/WACV2024/html/Bansal_United_We_Stand_Divided_We_Fall_UnityGraph_for_Unsupervised_Procedure_WACV_2024_paper.html""]",2026-07-28,,False,
2023-cvpr-workshop-leveraging-triplet-loss-unsupervised,Leveraging Triplet Loss for Unsupervised Action Segmentation,"[""Elena Belen Bueno-Benito"", ""Biel Tura Vecino"", ""Mariella Dimiccoli""]",2023,CVPR Workshop,Extended-Vision,conference,https://openaccess.thecvf.com/content/CVPR2023W/L3D-IVU/html/Bueno-Benito_Leveraging_Triplet_Loss_for_Unsupervised_Action_Segmentation_CVPRW_2023_paper.html,https://openaccess.thecvf.com/content/CVPR2023W/L3D-IVU/papers/Bueno-Benito_Leveraging_Triplet_Loss_for_Unsupervised_Action_Segmentation_CVPRW_2023_paper.pdf,,,,,unknown,"[""temporal action segmentation""]","[""Temporal Action Segmentation""]","[""unsupervised""]","[""unknown""]","[""offline"", ""long-video""]","[""contrastive-learning"", ""clustering""]",unknown,[],"[""Edit"", ""F1@10"", ""F1@25"", ""F1@50"", ""frame accuracy""]",[],"[""See the original paper for scope and assumptions.""]",The paper predicts temporally dense action labels or contiguous semantic action segments and evaluates temporal segmentation.,True,True,library/pdfs/2023_CVPRWorkshop_Bueno-Benito_leveraging_triplet_loss_for_unsupervised_action_segment.pdf,b345f5182a6dba46e66475dd97ded83282d31ea4aeb72f9fd7d0033fcd0c0f4f,True,"[""https://openaccess.thecvf.com/content/CVPR2023W/L3D-IVU/html/Bueno-Benito_Leveraging_Triplet_Loss_for_Unsupervised_Action_Segmentation_CVPRW_2023_paper.html""]",2026-07-28,"Official workshop paper; kept in the extended list, not the main-conference core count.",False,
2023-iccv-diffusion,Diffusion Action Segmentation,"[""Daochang Liu"", ""Qiyue Li"", ""Anh-Dung Dinh"", ""Tingting Jiang"", ""Mubarak Shah"", ""Chang Xu""]",2023,ICCV,CCF-A,conference,https://openaccess.thecvf.com/content/ICCV2023/html/Liu_Diffusion_Action_Segmentation_ICCV_2023_paper.html,https://openaccess.thecvf.com/content/ICCV2023/papers/Liu_Diffusion_Action_Segmentation_ICCV_2023_paper.pdf,https://arxiv.org/abs/2303.17959,,https://github.com/Finspire13/DiffAct,,"Temporal action segmentation is crucial for understanding long-form videos. Previous works on this task commonly adopt an iterative refinement paradigm by using multi-stage models. We propose a novel framework via denoising diffusion models, which nonetheless shares the same inherent spirit of such iterative refinement. In this framework, action predictions are iteratively generated from random noise with input video features as conditions. To enhance the modeling of three striking characteristics of human actions, including the position prior, the boundary ambiguity, and the relational dependency, we devise a unified masking strategy for the conditioning inputs in our framework. Extensive experiments on three benchmark datasets, i.e., GTEA, 50Salads, and Breakfast, are performed and the proposed method achieves superior or comparable results to state-of-the-art methods, showing the effectiveness of a generative approach for action segmentation.","[""temporal action segmentation""]","[""Temporal Action Segmentation""]","[""fully-supervised""]","[""I3D-features""]","[""offline"", ""long-video""]","[""diffusion"", ""boundary-modeling"", ""multi-stage-TCN""]",unknown,"[""Breakfast"", ""50Salads"", ""GTEA""]","[""Edit"", ""F1@10"", ""F1@25"", ""F1@50"", ""frame accuracy""]",[],"[""See the original paper for scope and assumptions.""]",The paper predicts temporally dense action labels or contiguous semantic action segments and evaluates temporal segmentation.,True,True,library/pdfs/2023_ICCV_Liu_diffusion_action_segmentation.pdf,bbc249724081575f878a531e3ddb1d4e254ccc76753084baf785c5d5fe4345eb,True,"[""https://openaccess.thecvf.com/content/ICCV2023/html/Liu_Diffusion_Action_Segmentation_ICCV_2023_paper.html""]",2026-07-28,,False,
2023-iccv-how-much-long-term-context,How Much Temporal Long-Term Context is Needed for Action Segmentation?,"[""Emad Bahrami"", ""Gianpiero Francesca"", ""Juergen Gall""]",2023,ICCV,CCF-A,conference,https://openaccess.thecvf.com/content/ICCV2023/html/Bahrami_How_Much_Temporal_Long-Term_Context_is_Needed_for_Action_Segmentation_ICCV_2023_paper.html,https://openaccess.thecvf.com/content/ICCV2023/papers/Bahrami_How_Much_Temporal_Long-Term_Context_is_Needed_for_Action_Segmentation_ICCV_2023_paper.pdf,https://arxiv.org/abs/2308.11358,,,,unknown,"[""temporal action segmentation""]","[""Temporal Action Segmentation""]","[""fully-supervised""]","[""unknown""]","[""offline"", ""long-video""]","[""TCN""]",unknown,[],"[""Edit"", ""F1@10"", ""F1@25"", ""F1@50"", ""frame accuracy""]",[],"[""See the original paper for scope and assumptions.""]",The paper predicts temporally dense action labels or contiguous semantic action segments and evaluates temporal segmentation.,True,True,library/pdfs/2023_ICCV_Bahrami_how_much_temporal_long_term_context_is_needed_for_actio.pdf,583f32a257db78f739881fe894e491906528c512340b38b19eb4192851e65c2d,True,"[""https://openaccess.thecvf.com/content/ICCV2023/html/Bahrami_How_Much_Temporal_Long-Term_Context_is_Needed_for_Action_Segmentation_ICCV_2023_paper.html""]",2026-07-28,,False,
2023-iccv-lac-latent-composition-skeleton-based,LAC - Latent Action Composition for Skeleton-based Action Segmentation,"[""Di Yang"", ""Yaohui Wang"", ""Antitza Dantcheva"", ""Quan Kong"", ""Lorenzo Garattoni"", ""Gianpiero Francesca"", ""Francois Bremond""]",2023,ICCV,CCF-A,conference,https://openaccess.thecvf.com/content/ICCV2023/html/Yang_LAC_-_Latent_Action_Composition_for_Skeleton-based_Action_Segmentation_ICCV_2023_paper.html,https://openaccess.thecvf.com/content/ICCV2023/papers/Yang_LAC_-_Latent_Action_Composition_for_Skeleton-based_Action_Segmentation_ICCV_2023_paper.pdf,,,,,"Skeleton-based action segmentation requires recognizing composable actions in untrimmed videos. Current approaches decouple this problem by first extracting local visual features from skeleton sequences and then processing them by a temporal model to classify frame-wise actions. However, their performances remain limited as the visual features cannot sufficiently express composable actions. In this context, we propose Latent Action Composition (LAC), a novel self-supervised framework aiming at learning from synthesized composable motions for skeleton-based action segmentation. LAC is composed of a novel generation module towards synthesizing new sequences. Specifically, we design a linear latent space in the generator to represent primitive motion. New composed motions can be synthesized by simply performing arithmetic operations on latent representations of multiple input skeleton sequences. LAC leverages such synthesized sequences, which have large diversity and complexity, for learning visual representations of skeletons in both sequence and frame spaces via contrastive learning. The resulting visual encoder has a high expressive power and can be effectively transferred onto action segmentation tasks by end-to-end fine-tuning without the need for additional temporal models. We conduct a study focusing on transfer-learning and we show that representations learned from pre-trained LAC outperform the state-of-the-art by a large margin on TSU, Charades, PKU-MMD datasets.","[""temporal action segmentation""]","[""Skeleton-based Temporal Action Segmentation""]","[""self-supervised""]","[""skeleton""]","[""offline"", ""long-video""]","[""unknown""]",unknown,[],"[""Edit"", ""F1@10"", ""F1@25"", ""F1@50"", ""frame accuracy""]",[],"[""See the original paper for scope and assumptions.""]",The paper predicts temporally dense action labels or contiguous semantic action segments and evaluates temporal segmentation.,True,True,library/pdfs/2023_ICCV_Yang_lac_latent_action_composition_for_skeleton_based_action.pdf,8ee6ce5f3dceb9d7ff96f447b71e4b4487f3094d93a8695d4f99c4ccb27400eb,True,"[""https://openaccess.thecvf.com/content/ICCV2023/html/Yang_LAC_-_Latent_Action_Composition_for_Skeleton-based_Action_Segmentation_ICCV_2023_paper.html""]",2026-07-28,,False,
2023-iccv-contextually-refined-keypoints,Video Action Segmentation via Contextually Refined Temporal Keypoints,"[""Borui Jiang"", ""Yang Jin"", ""Zhentao Tan"", ""Yadong Mu""]",2023,ICCV,CCF-A,conference,https://openaccess.thecvf.com/content/ICCV2023/html/Jiang_Video_Action_Segmentation_via_Contextually_Refined_Temporal_Keypoints_ICCV_2023_paper.html,https://openaccess.thecvf.com/content/ICCV2023/papers/Jiang_Video_Action_Segmentation_via_Contextually_Refined_Temporal_Keypoints_ICCV_2023_paper.pdf,,,,,"Video action segmentation refers to the task of densely casting each video frame or short segment in an untrimmed video into some pre-specified action categories. Although recent years have witnessed a great promise in the development of action segmentation techniques.A large body of existing methods still rely on frame-wise segmentation, which tends to render fragmentary results (i.e., over-segmentation).To effectively address above issues, we here propose a video action segmentation model that implements the novel idea of Refined Temporal Keypoints (RTK) for overcoming caveats of existing methods.To act effectively, the proposed model initially seeks for high-quality, sparse temporal keypoints by extracting non-local cues from the video, rather than conducting frame-wise classification as in many competing methods.Afterwards, large improvements over the inital temporal keypoints are pin-pointed as contributions by further refining and re-assembling operations. In specific, we develop a graph matching module that aggregates structural information between different temporal keypoints by learning the corresponding relationship of the temporal source graphs and the annotated target graphs. The initial temporal keypoints are refined by the encoded structural information reusing the graph matching module.A few set of prior rules are harnessed for post-processing and re-assembling all temporal keypoints.The remaining temporal keypoiting going through all refinement are used to generate the final action segmentation results.We perform experiments on three popular datasets: 50salads, GTEA and Breakfast, and our methods significantly outperforms the current methods, particularly achieves the state-of-the-art F1@50 scores of 83.4%, 79.5%, and 60.5% on three datasets, respectively.","[""temporal action segmentation""]","[""Temporal Action Segmentation""]","[""fully-supervised""]","[""I3D-features""]","[""offline"", ""long-video""]","[""unknown""]",unknown,"[""Breakfast"", ""50Salads"", ""GTEA""]","[""Edit"", ""F1@10"", ""F1@25"", ""F1@50"", ""frame accuracy""]",[],"[""See the original paper for scope and assumptions.""]",The paper predicts temporally dense action labels or contiguous semantic action segments and evaluates temporal segmentation.,True,True,library/pdfs/2023_ICCV_Jiang_video_action_segmentation_via_contextually_refined_temp.pdf,e2159981dd95f0715211af8002627258bb46d274b9ed35023582977d151f2627,True,"[""https://openaccess.thecvf.com/content/ICCV2023/html/Jiang_Video_Action_Segmentation_via_Contextually_Refined_Temporal_Keypoints_ICCV_2023_paper.html""]",2026-07-28,,False,
2023-iccv-weakly-supervised-unseen-error-detection,Weakly-Supervised Action Segmentation and Unseen Error Detection in Anomalous Instructional Videos,"[""Reza Ghoddoosian"", ""Isht Dwivedi"", ""Nakul Agarwal"", ""Behzad Dariush""]",2023,ICCV,CCF-A,conference,https://openaccess.thecvf.com/content/ICCV2023/html/Ghoddoosian_Weakly-Supervised_Action_Segmentation_and_Unseen_Error_Detection_in_Anomalous_Instructional_ICCV_2023_paper.html,https://openaccess.thecvf.com/content/ICCV2023/papers/Ghoddoosian_Weakly-Supervised_Action_Segmentation_and_Unseen_Error_Detection_in_Anomalous_Instructional_ICCV_2023_paper.pdf,,,,,"We present a novel method for weakly-supervised action segmentation and unseen error detection in anomalous instructional videos. In the absence of an appropriate dataset for this task, we introduce the Anomalous Toy Assembly (ATA) dataset, which comprises 1152 untrimmed videos of 32 participants assembling three different toys, recorded from four different viewpoints. The training set comprises 27 participants who assemble toys in an expected and consistent manner, while the test and validation sets comprise 5 participants who display sequential anomalies in their task. We introduce a weakly labeled segmentation algorithm that is a generalization of the constrained Viterbi algorithm and identifies potential anomalous moments based on the difference between future anticipation and current recognition results. The proposed method is not restricted by the training transcripts during testing, allowing for the inference of anomalous action sequences while maintaining real-time performance. Based on these segmentation results, we also introduce a baseline to detect pre-defined human errors, and benchmark results on the ATA dataset. Experiments were conducted on the ATA and CSV datasets, demonstrating that the proposed method outperforms the state-of-the-art in segmenting anomalous videos under both online and offline conditions.","[""temporal action segmentation""]","[""Temporal Action Segmentation""]","[""weakly-supervised""]","[""I3D-features""]","[""long-video"", ""online"", ""streaming""]","[""structured-decoding""]",unknown,[],"[""Edit"", ""F1@10"", ""F1@25"", ""F1@50"", ""frame accuracy""]",[],"[""See the original paper for scope and assumptions.""]",The paper predicts temporally dense action labels or contiguous semantic action segments and evaluates temporal segmentation.,True,True,library/pdfs/2023_ICCV_Ghoddoosian_weakly_supervised_action_segmentation_and_unseen_error.pdf,4c402711b895a6e656da4810d780ca49457684812a3ed2f8d815c14e14e4e525,True,"[""https://openaccess.thecvf.com/content/ICCV2023/html/Ghoddoosian_Weakly-Supervised_Action_Segmentation_and_Unseen_Error_Detection_in_Anomalous_Instructional_ICCV_2023_paper.html""]",2026-07-28,,False,
2023-ijcai-timestamp-supervised-perspective-clustering,Timestamp-Supervised Action Segmentation in the Perspective of Clustering,"[""Dazhao Du"", ""Enhan Li"", ""Lingyu Si"", ""Fanjiang Xu"", ""Fuchun Sun""]",2023,IJCAI,CCF-A,conference,https://www.ijcai.org/proceedings/2023/77,https://www.ijcai.org/proceedings/2023/0077.pdf,https://arxiv.org/abs/2212.11694,,https://github.com/ddz16/TSASPC,,unknown,"[""temporal action segmentation""]","[""Temporal Action Segmentation""]","[""timestamp-supervised""]","[""unknown""]","[""offline"", ""long-video""]","[""clustering""]",unknown,[],"[""Edit"", ""F1@10"", ""F1@25"", ""F1@50"", ""frame accuracy""]",[],"[""See the original paper for scope and assumptions.""]",The paper predicts temporally dense action labels or contiguous semantic action segments and evaluates temporal segmentation.,True,True,library/pdfs/2023_IJCAI_Du_timestamp_supervised_action_segmentation_in_the_perspec.pdf,7e4d0dd64f54aa1058c5142ba4cafd7269f1e7e4290f2e49ccd56fc2a8d37277,True,"[""https://www.ijcai.org/proceedings/2023/77""]",2026-07-28,,False,
2023-neurips-activity-grammars,Activity Grammars for Temporal Action Segmentation,"[""Dayoung Gong"", ""Joonseok Lee"", ""Deunsol Jung"", ""Suha Kwak"", ""Minsu Cho""]",2023,NeurIPS,CCF-A,conference,https://papers.nips.cc/paper_files/paper/2023/hash/ee6c4b99b4c0d3d60efd22c1ecdd9891-Abstract-Conference.html,https://papers.nips.cc/paper_files/paper/2023/file/ee6c4b99b4c0d3d60efd22c1ecdd9891-Paper-Conference.pdf,https://arxiv.org/abs/2312.04266,,http://cvlab.postech.ac.kr/research/KARI,,unknown,"[""temporal action segmentation""]","[""Temporal Action Segmentation""]","[""fully-supervised""]","[""unknown""]","[""offline"", ""long-video""]","[""structured-decoding""]",unknown,[],"[""Edit"", ""F1@10"", ""F1@25"", ""F1@50"", ""frame accuracy""]",[],"[""See the original paper for scope and assumptions.""]",The paper predicts temporally dense action labels or contiguous semantic action segments and evaluates temporal segmentation.,True,True,library/pdfs/2023_NeurIPS_Gong_activity_grammars_for_temporal_action_segmentation.pdf,d393f1c57dc948b53f2ad272c2d8034c259e00eb54c9e4f29c4bd524ed6be540,True,"[""https://papers.nips.cc/paper_files/paper/2023/hash/ee6c4b99b4c0d3d60efd22c1ecdd9891-Abstract-Conference.html""]",2026-07-28,,False,
2023-preprint-decoupled-spatio-framework-skeleton-based,A Decoupled Spatio-Temporal Framework for Skeleton-based Action Segmentation,"[""Yunheng Li"", ""Zhongyu Li"", ""Shanghua Gao"", ""Qilong Wang"", ""Qibin Hou"", ""Ming-Ming Cheng""]",2023,Preprint,Preprint,preprint,,https://arxiv.org/pdf/2312.05830,https://arxiv.org/abs/2312.05830,,,,"Effectively modeling discriminative spatio-temporal information is essential for segmenting activities in long action sequences. However, we observe that existing methods are limited in weak spatio-temporal modeling capability due to two forms of decoupled modeling: (i) cascaded interaction couples spatial and temporal modeling, which over-smooths motion modeling over the long sequence, and (ii) joint-shared temporal modeling adopts shared weights to model each joint, ignoring the distinct motion patterns of different joints. We propose a Decoupled Spatio-Temporal Framework (DeST) to address the above issues. Firstly, we decouple the cascaded spatio-temporal interaction to avoid stacking multiple spatio-temporal blocks, while achieving sufficient spatio-temporal interaction. Specifically, DeST performs once unified spatial modeling and divides the spatial features into different groups of subfeatures, which then adaptively interact with temporal features from different layers. Since the different sub-features contain distinct spatial semantics, the model could learn the optimal interaction pattern at each layer. Meanwhile, inspired by the fact that different joints move at different speeds, we propose joint-decoupled temporal modeling, which employs independent trainable weights to capture distinctive temporal features of each joint. On four large-scale benchmarks of different scenes, DeST significantly outperforms current state-of-the-art methods with less computational complexity.","[""temporal action segmentation""]","[""Skeleton-based Temporal Action Segmentation""]","[""fully-supervised""]","[""skeleton""]","[""offline"", ""long-video""]","[""unknown""]",unknown,[],"[""Edit"", ""F1@10"", ""F1@25"", ""F1@50"", ""frame accuracy""]",[],"[""See the original paper for scope and assumptions.""]",The paper predicts temporally dense action labels or contiguous semantic action segments and evaluates temporal segmentation.,True,True,library/pdfs/2023_Preprint_Li_a_decoupled_spatio_temporal_framework_for_skeleton_base.pdf,7dcaf64880aa8db37307d5b91bf7c6643f0ece2927c674e9eb31fc6d8fffb65d,False,"[""https://arxiv.org/abs/2312.05830""]",2026-07-28,arXiv 2312.05830; first submitted 2023-12-10; last updated 2023-12-10; comment=none; journal_ref=none. No formal conference proceedings placement has been verified.,True,Direct TAS arXiv hit; formal publication status requires first-party proceedings verification.
2023-preprint-using-2d-skeleton-heatmaps-multi,Action Segmentation Using 2D Skeleton Heatmaps and Multi-Modality Fusion,"[""Syed Waleed Hyder"", ""Muhammad Usama"", ""Anas Zafar"", ""Muhammad Naufil"", ""Fawad Javed Fateh"", ""Andrey Konin"", ""M. Zeeshan Zia"", ""Quoc-Huy Tran""]",2023,Preprint,Preprint,preprint,,https://arxiv.org/pdf/2309.06462,https://arxiv.org/abs/2309.06462,,,,"This paper presents a 2D skeleton-based action segmentation method with applications in fine-grained human activity recognition. In contrast with state-of-the-art methods which directly take sequences of 3D skeleton coordinates as inputs and apply Graph Convolutional Networks (GCNs) for spatiotemporal feature learning, our main idea is to use sequences of 2D skeleton heatmaps as inputs and employ Temporal Convolutional Networks (TCNs) to extract spatiotemporal features. Despite lacking 3D information, our approach yields comparable/superior performances and better robustness against missing keypoints than previous methods on action segmentation datasets. Moreover, we improve the performances further by using both 2D skeleton heatmaps and RGB videos as inputs. To our best knowledge, this is the first work to utilize 2D skeleton heatmap inputs and the first work to explore 2D skeleton+RGB fusion for action segmentation.","[""temporal action segmentation""]","[""Skeleton-based Temporal Action Segmentation""]","[""fully-supervised""]","[""skeleton"", ""multimodal"", ""RGB""]","[""offline"", ""long-video""]","[""TCN""]",unknown,[],"[""Edit"", ""F1@10"", ""F1@25"", ""F1@50"", ""frame accuracy""]",[],"[""See the original paper for scope and assumptions.""]",The paper predicts temporally dense action labels or contiguous semantic action segments and evaluates temporal segmentation.,True,True,library/pdfs/2023_Preprint_Hyder_action_segmentation_using_2d_skeleton_heatmaps_and_mult.pdf,88f3f35b56f28ca464adf1d28ee211006c6a3f488ec208e00419c983b9a264fa,False,"[""https://arxiv.org/abs/2309.06462""]",2026-07-28,arXiv 2309.06462; first submitted 2023-09-12; last updated 2024-04-26; comment=Accepted to ICRA 2024; journal_ref=none. No formal conference proceedings placement has been verified.,True,Direct TAS arXiv hit; formal publication status requires first-party proceedings verification.
2023-preprint-bit-bi-level-modeling-efficient,BIT: Bi-Level Temporal Modeling for Efficient Supervised Action Segmentation,"[""Zijia Lu"", ""Ehsan Elhamifar""]",2023,Preprint,Preprint,preprint,,https://arxiv.org/pdf/2308.14900,https://arxiv.org/abs/2308.14900,,,,"We address the task of supervised action segmentation which aims to partition a video into non-overlapping segments, each representing a different action. Recent works apply transformers to perform temporal modeling at the frame-level, which suffer from high computational cost and cannot well capture action dependencies over long temporal horizons. To address these issues, we propose an efficient BI-level Temporal modeling (BIT) framework that learns explicit action tokens to represent action segments, in parallel performs temporal modeling on frame and action levels, while maintaining a low computational cost. Our model contains (i) a frame branch that uses convolution to learn frame-level relationships, (ii) an action branch that uses transformer to learn action-level dependencies with a small set of action tokens and (iii) cross-attentions to allow communication between the two branches. We apply and extend a set-prediction objective to allow each action token to represent one or multiple action segments, thus can avoid learning a large number of tokens over long videos with many segments. Thanks to the design of our action branch, we can also seamlessly leverage textual transcripts of videos (when available) to help action segmentation by using them to initialize the action tokens. We evaluate our model on four video datasets (two egocentric and two third-person) for action segmentation with and without transcripts, showing that BIT significantly improves the state-of-the-art accuracy with much lower computational cost (30 times faster) compared to existing transformer-based methods.","[""temporal action segmentation""]","[""Temporal Action Segmentation""]","[""fully-supervised""]","[""unknown""]","[""egocentric"", ""long-video"", ""offline""]","[""Transformer"", ""cross-attention"", ""VQ-tokenization""]",unknown,[],"[""Edit"", ""F1@10"", ""F1@25"", ""F1@50"", ""frame accuracy""]",[],"[""See the original paper for scope and assumptions.""]",The paper predicts temporally dense action labels or contiguous semantic action segments and evaluates temporal segmentation.,True,True,library/pdfs/2023_Preprint_Lu_bit_bi_level_temporal_modeling_for_efficient_supervised.pdf,75108b77a22f045e9fe341f59f852ce80e32919b5e3e92b722370d44daa64890,False,"[""https://arxiv.org/abs/2308.14900""]",2026-07-28,"arXiv 2308.14900; first submitted 2023-08-28; last updated 2023-10-07; comment=9 pages, 6 figures; journal_ref=none. No formal conference proceedings placement has been verified.",True,Direct TAS arXiv hit; formal publication status requires first-party proceedings verification.
2023-preprint-casr-refining-marginalizing-frame-levle,CASR: Refining Action Segmentation via Marginalizing Frame-levle Causal Relationships,"[""Keqing Du"", ""Xinyu Yang"", ""Hang Chen""]",2023,Preprint,Preprint,preprint,,https://arxiv.org/pdf/2311.12401,https://arxiv.org/abs/2311.12401,,,,"Integrating deep learning and causal discovery has increased the interpretability of Temporal Action Segmentation (TAS) tasks. However, frame-level causal relationships exist many complicated noises outside the segment-level, making it infeasible to directly express macro action semantics. Thus, we propose Causal Abstraction Segmentation Refiner (CASR), which can refine TAS results from various models by enhancing video causality in marginalizing frame-level casual relationships. Specifically, we define the equivalent frame-level casual model and segment-level causal model, so that the causal adjacency matrix constructed from marginalized frame-level causal relationships has the ability to represent the segmnet-level causal relationships. CASR works out by reducing the difference in the causal adjacency matrix between we constructed and pre-segmentation results of backbone models. In addition, we propose a novel evaluation metric Causal Edit Distance (CED) to evaluate the causal interpretability. Extensive experimental results on mainstream datasets indicate that CASR significantly surpasses existing various methods in action segmentation performance, as well as in causal explainability and generalization.","[""temporal action segmentation""]","[""Temporal Action Segmentation""]","[""fully-supervised""]","[""unknown""]","[""offline"", ""long-video""]","[""causal-model""]",unknown,[],"[""Edit"", ""F1@10"", ""F1@25"", ""F1@50"", ""frame accuracy""]",[],"[""See the original paper for scope and assumptions.""]",The paper predicts temporally dense action labels or contiguous semantic action segments and evaluates temporal segmentation.,True,False,,,False,"[""https://arxiv.org/abs/2311.12401""]",2026-07-28,"arXiv 2311.12401; first submitted 2023-11-21; last updated 2024-01-26; comment=We found that the paper needs to be modified in the model and all experiments must be re-run, so we request to withdraw the current version; journal_ref=none. No formal conference proceedings placement has been verified.",True,Direct TAS arXiv hit; formal publication status requires first-party proceedings verification.
2023-preprint-dir-as-decoupling-individual-identification,DIR-AS: Decoupling Individual Identification and Temporal Reasoning for Action Segmentation,"[""Peiyao Wang"", ""Haibin Ling""]",2023,Preprint,Preprint,preprint,,https://arxiv.org/pdf/2304.02110,https://arxiv.org/abs/2304.02110,,,,"Fully supervised action segmentation works on frame-wise action recognition with dense annotations and often suffers from the over-segmentation issue. Existing works have proposed a variety of solutions such as boundary-aware networks, multi-stage refinement, and temporal smoothness losses. However, most of them take advantage of frame-wise supervision, which cannot effectively tackle the evaluation metrics with different granularities. In this paper, for the desirable large receptive field, we first develop a novel local-global attention mechanism with temporal pyramid dilation and temporal pyramid pooling for efficient multi-scale attention. Then we decouple two inherent goals in action segmentation, ie, (1) individual identification solved by frame-wise supervision, and (2) temporal reasoning tackled by action set prediction. Afterward, an action alignment module fuses these different granularity predictions, leading to more accurate and smoother action segmentation. We achieve state-of-the-art accuracy, eg, 82.8% (+2.6%) on GTEA and 74.7% (+1.2%) on Breakfast, which demonstrates the effectiveness of our proposed method, accompanied by extensive ablation studies. The code will be made available later.","[""temporal action segmentation""]","[""Temporal Action Segmentation""]","[""fully-supervised""]","[""unknown""]","[""offline"", ""long-video""]","[""boundary-modeling"", ""multi-stage-TCN""]",unknown,"[""Breakfast"", ""GTEA""]","[""Edit"", ""F1@10"", ""F1@25"", ""F1@50"", ""frame accuracy""]",[],"[""See the original paper for scope and assumptions.""]",The paper predicts temporally dense action labels or contiguous semantic action segments and evaluates temporal segmentation.,True,True,library/pdfs/2023_Preprint_Wang_dir_as_decoupling_individual_identification_and_tempora.pdf,68ca9a2ee5e84c5f0c4bf792d327331888a455354346de484454a31be952a59d,False,"[""https://arxiv.org/abs/2304.02110""]",2026-07-28,arXiv 2304.02110; first submitted 2023-04-04; last updated 2023-04-04; comment=none; journal_ref=none. No formal conference proceedings placement has been verified.,True,Direct TAS arXiv hit; formal publication status requires first-party proceedings verification.
2023-preprint-dpmix-mixture-depth-point-cloud,DPMix: Mixture of Depth and Point Cloud Video Experts for 4D Action Segmentation,"[""Yue Zhang"", ""Hehe Fan"", ""Yi Yang"", ""Mohan Kankanhalli""]",2023,Preprint,Preprint,preprint,,https://arxiv.org/pdf/2307.16803,https://arxiv.org/abs/2307.16803,,,,"In this technical report, we present our findings from the research conducted on the Human-Object Interaction 4D (HOI4D) dataset for egocentric action segmentation task. As a relatively novel research area, point cloud video methods might not be good at temporal modeling, especially for long point cloud videos (\eg, 150 frames). In contrast, traditional video understanding methods have been well developed. Their effectiveness on temporal modeling has been widely verified on many large scale video datasets. Therefore, we convert point cloud videos into depth videos and employ traditional video modeling methods to improve 4D action segmentation. By ensembling depth and point cloud video methods, the accuracy is significantly improved. The proposed method, named Mixture of Depth and Point cloud video experts (DPMix), achieved the first place in the 4D Action Segmentation Track of the HOI4D Challenge 2023.","[""temporal action segmentation""]","[""Temporal Action Segmentation""]","[""fully-supervised""]","[""depth""]","[""egocentric"", ""long-video"", ""offline""]","[""unknown""]",unknown,[],"[""Edit"", ""F1@10"", ""F1@25"", ""F1@50"", ""frame accuracy""]",[],"[""See the original paper for scope and assumptions.""]",The paper predicts temporally dense action labels or contiguous semantic action segments and evaluates temporal segmentation.,True,True,library/pdfs/2023_Preprint_Zhang_dpmix_mixture_of_depth_and_point_cloud_video_experts_fo.pdf,bccc8dcdfa691be2e42c910689ab70b392df3e12a0e02d588ff87a991af4feef,False,"[""https://arxiv.org/abs/2307.16803""]",2026-07-28,arXiv 2307.16803; first submitted 2023-07-31; last updated 2023-07-31; comment=none; journal_ref=none. No formal conference proceedings placement has been verified.,True,Direct TAS arXiv hit; formal publication status requires first-party proceedings verification.
2023-preprint-end-end-streaming-reinforce-learning,End-to-End Streaming Video Temporal Action Segmentation with Reinforce Learning,"[""Jinrong Zhang"", ""Wujun Wen"", ""Shenglan Liu"", ""Yunheng Li"", ""Qifeng Li"", ""Lin Feng""]",2023,Preprint,Preprint,preprint,,https://arxiv.org/pdf/2309.15683,https://arxiv.org/abs/2309.15683,,,,"The streaming temporal action segmentation (STAS) task, a supplementary task of temporal action segmentation (TAS), has not received adequate attention in the field of video understanding. Existing TAS methods are constrained to offline scenarios due to their heavy reliance on multimodal features and complete contextual information. The STAS task requires the model to classify each frame of the entire untrimmed video sequence clip by clip in time, thereby extending the applicability of TAS methods to online scenarios. However, directly applying existing TAS methods to SATS tasks results in significantly poor segmentation outcomes. In this paper, we thoroughly analyze the fundamental differences between STAS tasks and TAS tasks, attributing the severe performance degradation when transferring models to model bias and optimization dilemmas. We introduce an end-to-end streaming video temporal action segmentation model with reinforcement learning (SVTAS-RL). The end-to-end modeling method mitigates the modeling bias introduced by the change in task nature and enhances the feasibility of online solutions. Reinforcement learning is utilized to alleviate the optimization dilemma. Through extensive experiments, the SVTAS-RL model significantly outperforms existing STAS models and achieves competitive performance to the state-of-the-art TAS model on multiple datasets under the same evaluation criteria, demonstrating notable advantages on the ultra-long video dataset EGTEA. Code is available at https://github.com/Thinksky5124/SVTAS.","[""temporal action segmentation""]","[""Temporal Action Segmentation""]","[""fully-supervised""]","[""multimodal""]","[""long-video"", ""online"", ""streaming""]","[""unknown""]",unknown,"[""GTEA""]","[""Edit"", ""F1@10"", ""F1@25"", ""F1@50"", ""frame accuracy""]",[],"[""See the original paper for scope and assumptions.""]",The paper predicts temporally dense action labels or contiguous semantic action segments and evaluates temporal segmentation.,True,True,library/pdfs/2023_Preprint_Zhang_end_to_end_streaming_video_temporal_action_segmentation.pdf,46bb8f38192e82e7873012445739399dba21d08655bd68983efa5ba19c87f3fe,False,"[""https://arxiv.org/abs/2309.15683""]",2026-07-28,arXiv 2309.15683; first submitted 2023-09-27; last updated 2024-05-23; comment=submit to TNNLS; journal_ref=none. No formal conference proceedings placement has been verified.,True,Direct TAS arXiv hit; formal publication status requires first-party proceedings verification.
2023-preprint-enhancing-transformer-backbone-egocentric,Enhancing Transformer Backbone for Egocentric Video Action Segmentation,"[""Sakib Reza"", ""Balaji Sundareshan"", ""Mohsen Moghaddam"", ""Octavia Camps""]",2023,Preprint,Preprint,preprint,,https://arxiv.org/pdf/2305.11365,https://arxiv.org/abs/2305.11365,,,,"Egocentric temporal action segmentation in videos is a crucial task in computer vision with applications in various fields such as mixed reality, human behavior analysis, and robotics. Although recent research has utilized advanced visual-language frameworks, transformers remain the backbone of action segmentation models. Therefore, it is necessary to improve transformers to enhance the robustness of action segmentation models. In this work, we propose two novel ideas to enhance the state-of-the-art transformer for action segmentation. First, we introduce a dual dilated attention mechanism to adaptively capture hierarchical representations in both local-to-global and global-to-local contexts. Second, we incorporate cross-connections between the encoder and decoder blocks to prevent the loss of local context by the decoder. We also utilize state-of-the-art visual-language representation learning techniques to extract richer and more compact features for our transformer. Our proposed approach outperforms other state-of-the-art methods on the Georgia Tech Egocentric Activities (GTEA) and HOI4D Office Tools datasets, and we validate our introduced components with ablation studies. The source code and supplementary materials are publicly available on https://www.sail-nu.com/dxformer.","[""temporal action segmentation""]","[""Temporal Action Segmentation""]","[""fully-supervised""]","[""unknown""]","[""egocentric"", ""long-video"", ""offline""]","[""Transformer""]",unknown,"[""GTEA""]","[""Edit"", ""F1@10"", ""F1@25"", ""F1@50"", ""frame accuracy""]",[],"[""See the original paper for scope and assumptions.""]",The paper predicts temporally dense action labels or contiguous semantic action segments and evaluates temporal segmentation.,True,True,library/pdfs/2023_Preprint_Reza_enhancing_transformer_backbone_for_egocentric_video_act.pdf,ff8d040e299cc151e89b9db6110c8c2263765d1c9bfc230f1ccf6efadf731275,False,"[""https://arxiv.org/abs/2305.11365""]",2026-07-28,arXiv 2305.11365; first submitted 2023-05-19; last updated 2023-05-23; comment=Joint 3rd Ego4D and 11th EPIC Workshop on Egocentric Vision at CVPR 2023; journal_ref=none. No formal conference proceedings placement has been verified.,True,Direct TAS arXiv hit; formal publication status requires first-party proceedings verification.
2023-preprint-ms-tcrnet-multi-stage-convolutional,MS-TCRNet: Multi-Stage Temporal Convolutional Recurrent Networks for Action Segmentation Using Sensor-Augmented Kinematics,"[""Adam Goldbraikh"", ""Omer Shubi"", ""Or Rubin"", ""Carla M Pugh"", ""Shlomi Laufer""]",2023,Preprint,Preprint,preprint,,https://arxiv.org/pdf/2303.07814,https://arxiv.org/abs/2303.07814,,,,"Action segmentation is a challenging task in high-level process analysis, typically performed on video or kinematic data obtained from various sensors. This work presents two contributions related to action segmentation on kinematic data. Firstly, we introduce two versions of Multi-Stage Temporal Convolutional Recurrent Networks (MS-TCRNet), specifically designed for kinematic data. The architectures consist of a prediction generator with intra-stage regularization and Bidirectional LSTM or GRU-based refinement stages. Secondly, we propose two new data augmentation techniques, World Frame Rotation and Hand Inversion, which utilize the strong geometric structure of kinematic data to improve algorithm performance and robustness. We evaluate our models on three datasets of surgical suturing tasks: the Variable Tissue Simulation (VTS) Dataset and the newly introduced Bowel Repair Simulation (BRS) Dataset, both of which are open surgery simulation datasets collected by us, as well as the JHU-ISI Gesture and Skill Assessment Working Set (JIGSAWS), a well-known benchmark in robotic surgery. Our methods achieved state-of-the-art performance.","[""temporal action segmentation""]","[""Temporal Action Segmentation""]","[""fully-supervised""]","[""IMU""]","[""offline"", ""long-video""]","[""TCN"", ""multi-stage-TCN""]",unknown,[],"[""Edit"", ""F1@10"", ""F1@25"", ""F1@50"", ""frame accuracy""]",[],"[""See the original paper for scope and assumptions.""]",The paper predicts temporally dense action labels or contiguous semantic action segments and evaluates temporal segmentation.,True,True,library/pdfs/2023_Preprint_Goldbraikh_ms_tcrnet_multi_stage_temporal_convolutional_recurrent.pdf,18e8930b2324d379248789c8c12a8445daa6465ddce3bdde4536394fe511d7a1,False,"[""https://arxiv.org/abs/2303.07814""]",2026-07-28,"arXiv 2303.07814; first submitted 2023-03-14; last updated 2024-07-12; comment=41 pages, 7 figures. Submitted to Pattern Recognition; journal_ref=none. No formal conference proceedings placement has been verified.",True,Direct TAS arXiv hit; formal publication status requires first-party proceedings verification.
2023-preprint-permutation-aware-unsupervised-frame-segment,Permutation-Aware Action Segmentation via Unsupervised Frame-to-Segment Alignment,"[""Quoc-Huy Tran"", ""Ahmed Mehmood"", ""Muhammad Ahmed"", ""Muhammad Naufil"", ""Anas Zafar"", ""Andrey Konin"", ""M. Zeeshan Zia""]",2023,Preprint,Preprint,preprint,,https://arxiv.org/pdf/2305.19478,https://arxiv.org/abs/2305.19478,,,,"This paper presents an unsupervised transformer-based framework for temporal activity segmentation which leverages not only frame-level cues but also segment-level cues. This is in contrast with previous methods which often rely on frame-level information only. Our approach begins with a frame-level prediction module which estimates framewise action classes via a transformer encoder. The frame-level prediction module is trained in an unsupervised manner via temporal optimal transport. To exploit segment-level information, we utilize a segment-level prediction module and a frame-to-segment alignment module. The former includes a transformer decoder for estimating video transcripts, while the latter matches frame-level features with segment-level features, yielding permutation-aware segmentation results. Moreover, inspired by temporal optimal transport, we introduce simple-yet-effective pseudo labels for unsupervised training of the above modules. Our experiments on four public datasets, i.e., 50 Salads, YouTube Instructions, Breakfast, and Desktop Assembly show that our approach achieves comparable or better performance than previous methods in unsupervised activity segmentation. Our code and dataset are available on our research website: https://retrocausal.ai/research/.","[""temporal action segmentation""]","[""Temporal Action Segmentation""]","[""unsupervised""]","[""unknown""]","[""offline"", ""long-video""]","[""Transformer"", ""optimal-transport"", ""causal-model""]",unknown,"[""Breakfast""]","[""Edit"", ""F1@10"", ""F1@25"", ""F1@50"", ""frame accuracy""]",[],"[""See the original paper for scope and assumptions.""]",The paper predicts temporally dense action labels or contiguous semantic action segments and evaluates temporal segmentation.,True,True,library/pdfs/2023_Preprint_Tran_permutation_aware_action_segmentation_via_unsupervised.pdf,daf07d08bce88800199fae7e3860fca206d0355c64b261af75fcdb588d7655c3,False,"[""https://arxiv.org/abs/2305.19478""]",2026-07-28,arXiv 2305.19478; first submitted 2023-05-31; last updated 2025-12-01; comment=Accepted to WACV 2024; journal_ref=none. No formal conference proceedings placement has been verified.,True,Direct TAS arXiv hit; formal publication status requires first-party proceedings verification.
2023-preprint-prompt-enhanced-hierarchical-transformer-elevating,Prompt-enhanced Hierarchical Transformer Elevating Cardiopulmonary Resuscitation Instruction via Temporal Action Segmentation,"[""Yang Liu"", ""Xiaoyun Zhong"", ""Shiyao Zhai"", ""Zhicheng Du"", ""Zhenyuan Gao"", ""Qiming Huang"", ""Canyang Zhang"", ""Bin Jiang"", ""Vijay Kumar Pandey"", ""Sanyang Han"", ""Runming Wang"", ""Yuxing Han"", ""Peiwu Qin""]",2023,Preprint,Preprint,preprint,,https://arxiv.org/pdf/2308.16552,https://arxiv.org/abs/2308.16552,,,,"The vast majority of people who suffer unexpected cardiac arrest are performed cardiopulmonary resuscitation (CPR) by passersby in a desperate attempt to restore life, but endeavors turn out to be fruitless on account of disqualification. Fortunately, many pieces of research manifest that disciplined training will help to elevate the success rate of resuscitation, which constantly desires a seamless combination of novel techniques to yield further advancement. To this end, we collect a custom CPR video dataset in which trainees make efforts to behave resuscitation on mannequins independently in adherence to approved guidelines, thereby devising an auxiliary toolbox to assist supervision and rectification of intermediate potential issues via modern deep learning methodologies. Our research empirically views this problem as a temporal action segmentation (TAS) task in computer vision, which aims to segment an untrimmed video at a frame-wise level. Here, we propose a Prompt-enhanced hierarchical Transformer (PhiTrans) that integrates three indispensable modules, including a textual prompt-based Video Features Extractor (VFE), a transformer-based Action Segmentation Executor (ASE), and a regression-based Prediction Refinement Calibrator (PRC). The backbone of the model preferentially derives from applications in three approved public datasets (GTEA, 50Salads, and Breakfast) collected for TAS tasks, which accounts for the excavation of the segmentation pipeline on the CPR dataset. In general, we unprecedentedly probe into a feasible pipeline that genuinely elevates the CPR instruction qualification via action segmentation in conjunction with cutting-edge deep learning techniques. Associated experiments advocate our implementation with multiple metrics surpassing 91.0%.","[""temporal action segmentation""]","[""Temporal Action Segmentation""]","[""fully-supervised""]","[""unknown""]","[""offline"", ""long-video""]","[""Transformer""]",unknown,"[""Breakfast"", ""50Salads"", ""GTEA""]","[""Edit"", ""F1@10"", ""F1@25"", ""F1@50"", ""frame accuracy""]",[],"[""See the original paper for scope and assumptions.""]",The paper predicts temporally dense action labels or contiguous semantic action segments and evaluates temporal segmentation.,True,True,library/pdfs/2023_Preprint_Liu_prompt_enhanced_hierarchical_transformer_elevating_card.pdf,53af863904b0d4021cab59bf74cf2a54666caa9ee49913b2b1795aad7ea09291,False,"[""https://arxiv.org/abs/2308.16552""]",2026-07-28,arXiv 2308.16552; first submitted 2023-08-31; last updated 2023-08-31; comment=Transformer for Cardiopulmonary Resuscitation; journal_ref=none. No formal conference proceedings placement has been verified.,True,Direct TAS arXiv hit; formal publication status requires first-party proceedings verification.
2023-preprint-sfgans-self-supervised-future-generator,SFGANS Self-supervised Future Generator for human ActioN Segmentation,"[""Or Berman"", ""Adam Goldbraikh"", ""Shlomi Laufer""]",2023,Preprint,Preprint,preprint,,https://arxiv.org/pdf/2401.00438,https://arxiv.org/abs/2401.00438,,,,"The ability to locate and classify action segments in long untrimmed video is of particular interest to many applications such as autonomous cars, robotics and healthcare applications. Today, the most popular pipeline for action segmentation is composed of encoding the frames into feature vectors, which are then processed by a temporal model for segmentation. In this paper we present a self-supervised method that comes in the middle of the standard pipeline and generated refined representations of the original feature vectors. Experiments show that this method improves the performance of existing models on different sub-tasks of action segmentation, even without additional hyper parameter tuning.","[""temporal action segmentation""]","[""Temporal Action Segmentation""]","[""self-supervised""]","[""unknown""]","[""offline"", ""long-video""]","[""unknown""]",unknown,[],"[""Edit"", ""F1@10"", ""F1@25"", ""F1@50"", ""frame accuracy""]",[],"[""See the original paper for scope and assumptions.""]",The paper predicts temporally dense action labels or contiguous semantic action segments and evaluates temporal segmentation.,True,True,library/pdfs/2023_Preprint_Berman_sfgans_self_supervised_future_generator_for_human_actio.pdf,694c1b06de443df54ac10ac897d02e578c15649964c41a9cd66f52c7ea2f74fd,False,"[""https://arxiv.org/abs/2401.00438""]",2026-07-28,arXiv 2401.00438; first submitted 2023-12-31; last updated 2023-12-31; comment=none; journal_ref=none. No formal conference proceedings placement has been verified.,True,Direct TAS arXiv hit; formal publication status requires first-party proceedings verification.
2023-preprint-smc-nca-semantic-guided-multi,SMC-NCA: Semantic-guided Multi-level Contrast for Semi-supervised Temporal Action Segmentation,"[""Feixiang Zhou"", ""Zheheng Jiang"", ""Huiyu Zhou"", ""Xuelong Li""]",2023,Preprint,Preprint,preprint,,https://arxiv.org/pdf/2312.12347,https://arxiv.org/abs/2312.12347,,,,"Semi-supervised temporal action segmentation (SS-TA) aims to perform frame-wise classification in long untrimmed videos, where only a fraction of videos in the training set have labels. Recent studies have shown the potential of contrastive learning in unsupervised representation learning using unlabelled data. However, learning the representation of each frame by unsupervised contrastive learning for action segmentation remains an open and challenging problem. In this paper, we propose a novel Semantic-guided Multi-level Contrast scheme with a Neighbourhood-Consistency-Aware unit (SMC-NCA) to extract strong frame-wise representations for SS-TAS. Specifically, for representation learning, SMC is first used to explore intra- and inter-information variations in a unified and contrastive way, based on action-specific semantic information and temporal information highlighting relations between actions. Then, the NCA module, which is responsible for enforcing spatial consistency between neighbourhoods centered at different frames to alleviate over-segmentation issues, works alongside SMC for semi-supervised learning (SSL). Our SMC outperforms the other state-of-the-art methods on three benchmarks, offering improvements of up to 17.8% and 12.6% in terms of Edit distance and accuracy, respectively. Additionally, the NCA unit results in significantly better segmentation performance in the presence of only 5% labelled videos. We also demonstrate the generalizability and effectiveness of the proposed method on our Parkinson Disease's Mouse Behaviour (PDMB) dataset. Code is available at https://github.com/FeixiangZhou/SMC-NCA.","[""temporal action segmentation""]","[""Temporal Action Segmentation""]","[""semi-supervised""]","[""unknown""]","[""offline"", ""long-video""]","[""unknown""]",unknown,[],"[""Edit"", ""F1@10"", ""F1@25"", ""F1@50"", ""frame accuracy""]",[],"[""See the original paper for scope and assumptions.""]",The paper predicts temporally dense action labels or contiguous semantic action segments and evaluates temporal segmentation.,True,True,library/pdfs/2023_Preprint_Zhou_smc_nca_semantic_guided_multi_level_contrast_for_semi_s.pdf,9f73d6d6d81c8b3cd949d45794d7f4867cf14412277a9a0f23bd8e22192bc3a5,False,"[""https://arxiv.org/abs/2312.12347""]",2026-07-28,arXiv 2312.12347; first submitted 2023-12-19; last updated 2024-07-19; comment=Accepted to IEEE Transactions on Multimedia; journal_ref=none. No formal conference proceedings placement has been verified.,True,Direct TAS arXiv hit; formal publication status requires first-party proceedings verification.
2023-preprint-sigformer-sparse-signal-guided-transformer,SigFormer: Sparse Signal-Guided Transformer for Multi-Modal Human Action Segmentation,"[""Qi Liu"", ""Xinchen Liu"", ""Kun Liu"", ""Xiaoyan Gu"", ""Wu Liu""]",2023,Preprint,Preprint,preprint,,https://arxiv.org/pdf/2311.17428,https://arxiv.org/abs/2311.17428,,,,"Multi-modal human action segmentation is a critical and challenging task with a wide range of applications. Nowadays, the majority of approaches concentrate on the fusion of dense signals (i.e., RGB, optical flow, and depth maps). However, the potential contributions of sparse IoT sensor signals, which can be crucial for achieving accurate recognition, have not been fully explored. To make up for this, we introduce a Sparse signalguided Transformer (SigFormer) to combine both dense and sparse signals. We employ mask attention to fuse localized features by constraining cross-attention within the regions where sparse signals are valid. However, since sparse signals are discrete, they lack sufficient information about the temporal action boundaries. Therefore, in SigFormer, we propose to emphasize the boundary information at two stages to alleviate this problem. In the first feature extraction stage, we introduce an intermediate bottleneck module to jointly learn both category and boundary features of each dense modality through the inner loss functions. After the fusion of dense modalities and sparse signals, we then devise a two-branch architecture that explicitly models the interrelationship between action category and temporal boundary. Experimental results demonstrate that SigFormer outperforms the state-of-the-art approaches on a multi-modal action segmentation dataset from real industrial environments, reaching an outstanding F1 score of 0.958. The codes and pre-trained models have been available at https://github.com/LIUQI-creat/SigFormer.","[""temporal action segmentation""]","[""Temporal Action Segmentation""]","[""fully-supervised""]","[""multimodal"", ""RGB"", ""depth"", ""optical-flow""]","[""offline"", ""long-video""]","[""Transformer"", ""cross-attention"", ""boundary-modeling""]",unknown,[],"[""Edit"", ""F1@10"", ""F1@25"", ""F1@50"", ""frame accuracy""]",[],"[""See the original paper for scope and assumptions.""]",The paper predicts temporally dense action labels or contiguous semantic action segments and evaluates temporal segmentation.,True,True,library/pdfs/2023_Preprint_Liu_sigformer_sparse_signal_guided_transformer_for_multi_mo.pdf,83880e450e8167214afa962c77499149c98b2f9e04d4462c63f602d70eb9749d,False,"[""https://arxiv.org/abs/2311.17428""]",2026-07-28,arXiv 2311.17428; first submitted 2023-11-29; last updated 2024-08-26; comment=none; journal_ref=none. No formal conference proceedings placement has been verified.,True,Direct TAS arXiv hit; formal publication status requires first-party proceedings verification.
2023-preprint-synchronization-is-all-you-need,Synchronization is All You Need: Exocentric-to-Egocentric Transfer for Temporal Action Segmentation with Unlabeled Synchronized Video Pairs,"[""Camillo Quattrocchi"", ""Antonino Furnari"", ""Daniele Di Mauro"", ""Mario Valerio Giuffrida"", ""Giovanni Maria Farinella""]",2023,Preprint,Preprint,preprint,,https://arxiv.org/pdf/2312.02638,https://arxiv.org/abs/2312.02638,,,,"We consider the problem of transferring a temporal action segmentation system initially designed for exocentric (fixed) cameras to an egocentric scenario, where wearable cameras capture video data. The conventional supervised approach requires the collection and labeling of a new set of egocentric videos to adapt the model, which is costly and time-consuming. Instead, we propose a novel methodology which performs the adaptation leveraging existing labeled exocentric videos and a new set of unlabeled, synchronized exocentric-egocentric video pairs, for which temporal action segmentation annotations do not need to be collected. We implement the proposed methodology with an approach based on knowledge distillation, which we investigate both at the feature and Temporal Action Segmentation model level. Experiments on Assembly101 and EgoExo4D demonstrate the effectiveness of the proposed method against classic unsupervised domain adaptation and temporal alignment approaches. Without bells and whistles, our best model performs on par with supervised approaches trained on labeled egocentric data, without ever seeing a single egocentric label, achieving a +15.99 improvement in the edit score (28.59 vs 12.60) on the Assembly101 dataset compared to a baseline model trained solely on exocentric data. In similar settings, our method also improves edit score by +3.32 on the challenging EgoExo4D benchmark. Code is available here: https://github.com/fpv-iplab/synchronization-is-all-you-need.","[""temporal action segmentation""]","[""Temporal Action Segmentation""]","[""unsupervised""]","[""unknown""]","[""egocentric"", ""long-video"", ""offline""]","[""unknown""]",unknown,"[""Assembly101"", ""EgoExo4D""]","[""Edit"", ""F1@10"", ""F1@25"", ""F1@50"", ""frame accuracy""]",[],"[""See the original paper for scope and assumptions.""]",The paper predicts temporally dense action labels or contiguous semantic action segments and evaluates temporal segmentation.,True,True,library/pdfs/2023_Preprint_Quattrocchi_synchronization_is_all_you_need_exocentric_to_egocentri.pdf,43f8f4539ff37e6685397df02ffb26de57f5dcbf25955f1414a7c883d28ee71f,False,"[""https://arxiv.org/abs/2312.02638""]",2026-07-28,arXiv 2312.02638; first submitted 2023-12-05; last updated 2024-07-16; comment=none; journal_ref=none. No formal conference proceedings placement has been verified.,True,Direct TAS arXiv hit; formal publication status requires first-party proceedings verification.
2023-preprint-taec-unsupervised-aware-embedding-clustering,TAEC: Unsupervised Action Segmentation with Temporal-Aware Embedding and Clustering,"[""Wei Lin"", ""Anna Kukleva"", ""Horst Possegger"", ""Hilde Kuehne"", ""Horst Bischof""]",2023,Preprint,Preprint,preprint,,https://arxiv.org/pdf/2303.05166,https://arxiv.org/abs/2303.05166,,,,"Temporal action segmentation in untrimmed videos has gained increased attention recently. However, annotating action classes and frame-wise boundaries is extremely time consuming and cost intensive, especially on large-scale datasets. To address this issue, we propose an unsupervised approach for learning action classes from untrimmed video sequences. In particular, we propose a temporal embedding network that combines relative time prediction, feature reconstruction, and sequence-to-sequence learning, to preserve the spatial layout and sequential nature of the video features. A two-step clustering pipeline on these embedded feature representations then allows us to enforce temporal consistency within, as well as across videos. Based on the identified clusters, we decode the video into coherent temporal segments that correspond to semantically meaningful action classes. Our evaluation on three challenging datasets shows the impact of each component and, furthermore, demonstrates our state-of-the-art unsupervised action segmentation results.","[""temporal action segmentation""]","[""Temporal Action Segmentation""]","[""unsupervised""]","[""unknown""]","[""offline"", ""long-video""]","[""clustering""]",unknown,[],"[""Edit"", ""F1@10"", ""F1@25"", ""F1@50"", ""frame accuracy""]",[],"[""See the original paper for scope and assumptions.""]",The paper predicts temporally dense action labels or contiguous semantic action segments and evaluates temporal segmentation.,True,True,library/pdfs/2023_Preprint_Lin_taec_unsupervised_action_segmentation_with_temporal_awa.pdf,0b39083d72bd7502c75d406e5a97a514edd24ab78015ea908e5d69bbe098c307,False,"[""https://arxiv.org/abs/2303.05166""]",2026-07-28,arXiv 2303.05166; first submitted 2023-03-09; last updated 2023-03-09; comment=Computer Vision Winter Workshop 2023; journal_ref=none. No formal conference proceedings placement has been verified.,True,Direct TAS arXiv hit; formal publication status requires first-party proceedings verification.
2023-preprint-segment-transformer,Temporal Segment Transformer for Action Segmentation,"[""Zhichao Liu"", ""Leshan Wang"", ""Desen Zhou"", ""Jian Wang"", ""Songyang Zhang"", ""Yang Bai"", ""Errui Ding"", ""Rui Fan""]",2023,Preprint,Preprint,preprint,,https://arxiv.org/pdf/2302.13074,https://arxiv.org/abs/2302.13074,,,,"Recognizing human actions from untrimmed videos is an important task in activity understanding, and poses unique challenges in modeling long-range temporal relations. Recent works adopt a predict-and-refine strategy which converts an initial prediction to action segments for global context modeling. However, the generated segment representations are often noisy and exhibit inaccurate segment boundaries, over-segmentation and other problems. To deal with these issues, we propose an attention based approach which we call \textit{temporal segment transformer}, for joint segment relation modeling and denoising. The main idea is to denoise segment representations using attention between segment and frame representations, and also use inter-segment attention to capture temporal correlations between segments. The refined segment representations are used to predict action labels and adjust segment boundaries, and a final action segmentation is produced based on voting from segment masks. We show that this novel architecture achieves state-of-the-art accuracy on the popular 50Salads, GTEA and Breakfast benchmarks. We also conduct extensive ablations to demonstrate the effectiveness of different components of our design.","[""temporal action segmentation""]","[""Temporal Action Segmentation""]","[""fully-supervised""]","[""unknown""]","[""offline"", ""long-video""]","[""Transformer""]",unknown,"[""Breakfast"", ""50Salads"", ""GTEA""]","[""Edit"", ""F1@10"", ""F1@25"", ""F1@50"", ""frame accuracy""]",[],"[""See the original paper for scope and assumptions.""]",The paper predicts temporally dense action labels or contiguous semantic action segments and evaluates temporal segmentation.,True,True,library/pdfs/2023_Preprint_Liu_temporal_segment_transformer_for_action_segmentation.pdf,139887bdd20e2ce48550e5284fd73363987193f3a59cb56a7f82ac658b18bd19,False,"[""https://arxiv.org/abs/2302.13074""]",2026-07-28,arXiv 2302.13074; first submitted 2023-02-25; last updated 2023-02-25; comment=none; journal_ref=none. No formal conference proceedings placement has been verified.,True,Direct TAS arXiv hit; formal publication status requires first-party proceedings verification.
2022-aaai-iterative-contrast-classify-semi-supervised,Iterative Contrast-Classify for Semi-Supervised Temporal Action Segmentation,"[""Dipika Singhania"", ""Rahul Rahaman"", ""Angela Yao""]",2022,AAAI,CCF-A,conference,https://ojs.aaai.org/index.php/AAAI/article/view/20124,https://ojs.aaai.org/index.php/AAAI/article/download/20124/19883,,,https://github.com/dipika-singhania/ICC-Semi-Supervised-TAS,,unknown,"[""temporal action segmentation""]","[""Temporal Action Segmentation""]","[""semi-supervised""]","[""unknown""]","[""offline"", ""long-video""]","[""contrastive-learning"", ""clustering""]",unknown,[],"[""Edit"", ""F1@10"", ""F1@25"", ""F1@50"", ""frame accuracy""]",[],"[""See the original paper for scope and assumptions.""]",The paper predicts temporally dense action labels or contiguous semantic action segments and evaluates temporal segmentation.,True,True,library/pdfs/2022_AAAI_Singhania_iterative_contrast_classify_for_semi_supervised_tempora.pdf,1ab2e5d7757e4de049634718c7e39755a05cfae4d7edc2a36e9e3b5d5f9657fa,True,"[""https://ojs.aaai.org/index.php/AAAI/article/view/20124""]",2026-07-28,,False,
2022-bmvc-robust-timestamp-supervision,Robust Action Segmentation from Timestamp Supervision,"[""Yaser Souri"", ""Yazan Abu Farha"", ""Emad Bahrami"", ""Gianpiero Francesca"", ""Juergen Gall""]",2022,BMVC,Top-Vision,conference,https://bmvc2022.mpi-inf.mpg.de/392/,https://bmvc2022.mpi-inf.mpg.de/0392.pdf,,,,,unknown,"[""temporal action segmentation""]","[""Temporal Action Segmentation""]","[""timestamp-supervised""]","[""unknown""]","[""offline"", ""long-video""]","[""TCN"", ""boundary-modeling""]",unknown,[],"[""Edit"", ""F1@10"", ""F1@25"", ""F1@50"", ""frame accuracy""]",[],"[""See the original paper for scope and assumptions.""]",The paper predicts temporally dense action labels or contiguous semantic action segments and evaluates temporal segmentation.,True,False,,,True,"[""https://bmvc2022.mpi-inf.mpg.de/392/""]",2026-07-28,,False,
2022-cvpr-assembly101-large-scale-multi-view,Assembly101: A Large-Scale Multi-View Video Dataset for Understanding Procedural Activities,"[""Fadime Sener"", ""Dibyadip Chatterjee"", ""Daniel Shelepov"", ""Kun He"", ""Dipika Singhania"", ""Robert Wang"", ""Angela Yao""]",2022,CVPR,Related-but-not-core,conference,https://openaccess.thecvf.com/content/CVPR2022/html/Sener_Assembly101_A_Large-Scale_Multi-View_Video_Dataset_for_Understanding_Procedural_Activities_CVPR_2022_paper.html,https://openaccess.thecvf.com/content/CVPR2022/papers/Sener_Assembly101_A_Large-Scale_Multi-View_Video_Dataset_for_Understanding_Procedural_Activities_CVPR_2022_paper.pdf,,,,,"Assembly101 is a new procedural activity dataset featuring 4321 videos of people assembling and disassembling 101 ""take-apart"" toy vehicles. Participants work without fixed instructions, and the sequences feature rich and natural variations in action ordering, mistakes, and corrections. Assembly101 is the first multi-view action dataset, with simultaneous static (8) and egocentric (4) recordings. Sequences are annotated with more than 100K coarse and 1M fine-grained action segments, and 18M 3D hand poses. We benchmark on three action understanding tasks: recognition, anticipation and temporal segmentation. Additionally, we propose a novel task of detecting mistakes. The unique recording format and rich set of annotations allow us to investigate generalization to new toys, cross-view transfer, long-tailed distributions, and pose vs. appearance. We envision that Assembly101 will serve as a new challenge to investigate various activity understanding problems.","[""temporal action segmentation""]","[""Dataset / benchmark""]","[""fully-supervised""]","[""I3D-features"", ""IMU""]","[""egocentric"", ""long-video"", ""offline""]","[""unknown""]",unknown,"[""Assembly101""]","[""Edit"", ""F1@10"", ""F1@25"", ""F1@50"", ""frame accuracy""]",[],"[""See the original paper for scope and assumptions.""]","This dataset paper directly enabled or standardized temporal action/step segmentation evaluation, but its primary contribution is a benchmark rather than a core TAS method.",False,True,library/pdfs/2022_CVPR_Sener_assembly101_a_large_scale_multi_view_video_dataset_for.pdf,0dd63b24bbd5e1ce159540d8d3e8f540c0c813280cd013a22b6167c6d1a2a267,True,"[""https://openaccess.thecvf.com/content/CVPR2022/html/Sener_Assembly101_A_Large-Scale_Multi-View_Video_Dataset_for_Understanding_Procedural_Activities_CVPR_2022_paper.html""]",2026-07-28,,False,
2022-cvpr-fast-unsupervised-boundary-detection,Fast and Unsupervised Action Boundary Detection for Action Segmentation,"[""Zexing Du"", ""Xue Wang"", ""Guoqing Zhou"", ""Qing Wang""]",2022,CVPR,CCF-A,conference,https://openaccess.thecvf.com/content/CVPR2022/html/Du_Fast_and_Unsupervised_Action_Boundary_Detection_for_Action_Segmentation_CVPR_2022_paper.html,https://openaccess.thecvf.com/content/CVPR2022/papers/Du_Fast_and_Unsupervised_Action_Boundary_Detection_for_Action_Segmentation_CVPR_2022_paper.pdf,,,,,"To deal with the great number of untrimmed videos produced every day, we propose an efficient unsupervised action segmentation method by detecting boundaries, named action boundary detection (ABD). In particular, the proposed method has the following advantages: no training stage and low-latency inference. To detect action boundaries, we estimate the similarities across smoothed frames, which inherently have the properties of internal consistency within actions and external discrepancy across actions. Under this circumstance, we successfully transfer the boundary detection task into the change point detection based on the similarity. Then, non-maximum suppression (NMS) is conducted in local windows to select the smallest points as candidate boundaries. In addition, a clustering algorithm is followed to refine the initial proposals. Moreover, we also extend ABD to the online setting, which enables real-time action segmentation in long untrimmed videos. By evaluating on four challenging datasets, our method achieves state-of-the-art performance. Moreover, thanks to the efficiency of ABD, we achieve the best trade-off between the accuracy and the inference time compared with existing unsupervised approaches.","[""temporal action segmentation""]","[""Temporal Action Segmentation""]","[""unsupervised""]","[""I3D-features"", ""IMU""]","[""long-video"", ""online"", ""streaming""]","[""clustering"", ""boundary-modeling""]",unknown,[],"[""Edit"", ""F1@10"", ""F1@25"", ""F1@50"", ""frame accuracy""]",[],"[""See the original paper for scope and assumptions.""]",The paper predicts temporally dense action labels or contiguous semantic action segments and evaluates temporal segmentation.,True,True,library/pdfs/2022_CVPR_Du_fast_and_unsupervised_action_boundary_detection_for_act.pdf,076fb1f36d649390e51b70b0ba07b8d289b983932e8a4ddaa47426edee60c62e,True,"[""https://openaccess.thecvf.com/content/CVPR2022/html/Du_Fast_and_Unsupervised_Action_Boundary_Detection_for_Action_Segmentation_CVPR_2022_paper.html""]",2026-07-28,,False,
2022-cvpr-semi-weakly-supervised-learning-complex,Semi-Weakly-Supervised Learning of Complex Actions From Instructional Task Videos,"[""Yuhan Shen"", ""Ehsan Elhamifar""]",2022,CVPR,CCF-A,conference,https://openaccess.thecvf.com/content/CVPR2022/html/Shen_Semi-Weakly-Supervised_Learning_of_Complex_Actions_From_Instructional_Task_Videos_CVPR_2022_paper.html,https://openaccess.thecvf.com/content/CVPR2022/papers/Shen_Semi-Weakly-Supervised_Learning_of_Complex_Actions_From_Instructional_Task_Videos_CVPR_2022_paper.pdf,,,,,"We address the problem of action segmentation in instructional task videos with a small number of weakly-labeled training videos and a large number of unlabeled videos, which we refer to as Semi-Weakly-Supervised Learning (SWSL) of actions. We propose a general SWSL framework that can efficiently learn from both types of videos and can leverage any of the existing weakly-supervised action segmentation methods. Our key observation is that the distance between the transcript of an unlabeled video and those of the weakly-labeled videos from the same task is small yet often nonzero. Therefore, we develop a Soft Restricted Edit (SRE) loss to encourage small variations between the predicted transcripts of unlabeled videos and ground-truth transcripts of the weakly-labeled videos of the same task. To compute the SRE loss, we develop a flexible transcript prediction (FTP) method that uses the output of the action classifier to find both the length of the transcript and the sequence of actions occurring in an unlabeled video. We propose an efficient learning scheme in which we alternate between minimizing our proposed loss and generating pseudo-transcripts for unlabeled videos. By experiments on two benchmark datasets, we demonstrate that our approach can significantly improve the performance by using unlabeled videos, especially when the number of weakly-labeled videos is small.","[""temporal action segmentation""]","[""Temporal Action Segmentation""]","[""weakly-supervised""]","[""I3D-features""]","[""offline"", ""long-video""]","[""unknown""]",unknown,[],"[""Edit"", ""F1@10"", ""F1@25"", ""F1@50"", ""frame accuracy""]",[],"[""See the original paper for scope and assumptions.""]",The paper predicts temporally dense action labels or contiguous semantic action segments and evaluates temporal segmentation.,True,True,library/pdfs/2022_CVPR_Shen_semi_weakly_supervised_learning_of_complex_actions_from.pdf,19c15066e448332f3f73b479c7b7582376cf172080cb440a3b36e9510d3c4a04,True,"[""https://openaccess.thecvf.com/content/CVPR2022/html/Shen_Semi-Weakly-Supervised_Learning_of_Complex_Actions_From_Instructional_Task_Videos_CVPR_2022_paper.html""]",2026-07-28,,False,
2022-cvpr-set-supervised-learning-procedural-task,Set-Supervised Action Learning in Procedural Task Videos via Pairwise Order Consistency,"[""Zijia Lu"", ""Ehsan Elhamifar""]",2022,CVPR,CCF-A,conference,https://openaccess.thecvf.com/content/CVPR2022/html/Lu_Set-Supervised_Action_Learning_in_Procedural_Task_Videos_via_Pairwise_Order_CVPR_2022_paper.html,https://openaccess.thecvf.com/content/CVPR2022/papers/Lu_Set-Supervised_Action_Learning_in_Procedural_Task_Videos_via_Pairwise_Order_CVPR_2022_paper.pdf,,,,,"We address the problem of set-supervised action learning, whose goal is to learn an action segmentation model using weak supervision in the form of sets of actions occurring in training videos. Our key observation is that videos within the same task have similar ordering of actions, which can be leveraged for effective learning. Therefore, we propose an attention-based method with a new Pairwise Ordering Consistency (POC) loss that encourages that for each common action pair in two videos of the same task, the attentions of actions follow a similar ordering. Unlike existing sequence alignment methods, which misalign actions in videos with different orderings or cannot reliably separate more from less consistent orderings, our POC loss efficiently aligns videos with different action orders and is differentiable, which enables end-to-end training. In addition, it avoids the time-consuming pseudo-label generation of prior works. Our method efficiently learns the actions and their temporal locations, therefore, extends the existing attention-based action localization methods from learning one action per video to multiple actions using our POC loss along with video-level and frame-level losses. By experiments on three datasets, we demonstrate that our method significantly improves the state of the art. We also show that our method, with a small modification, can effectively address the transcript-supervised action learning task, where actions and their ordering are available during training.","[""temporal action segmentation""]","[""Temporal Action Segmentation""]","[""fully-supervised""]","[""I3D-features""]","[""offline"", ""long-video""]","[""unknown""]",unknown,[],"[""Edit"", ""F1@10"", ""F1@25"", ""F1@50"", ""frame accuracy""]",[],"[""See the original paper for scope and assumptions.""]",The paper predicts temporally dense action labels or contiguous semantic action segments and evaluates temporal segmentation.,True,True,library/pdfs/2022_CVPR_Lu_set_supervised_action_learning_in_procedural_task_video.pdf,16bc4a6deec289d81e86ff66c923f69884d7027532d777145f9db9ab084d7788,True,"[""https://openaccess.thecvf.com/content/CVPR2022/html/Lu_Set-Supervised_Action_Learning_in_Procedural_Task_Videos_via_Pairwise_Order_CVPR_2022_paper.html""]",2026-07-28,,False,
2022-cvpr-unsupervised-by-joint-representation-learning,Unsupervised Action Segmentation by Joint Representation Learning and Online Clustering,"[""Sateesh Kumar"", ""Sanjay Haresh"", ""Awais Ahmed"", ""Andrey Konin"", ""M. Zeeshan Zia"", ""Quoc-Huy Tran""]",2022,CVPR,CCF-A,conference,https://openaccess.thecvf.com/content/CVPR2022/html/Kumar_Unsupervised_Action_Segmentation_by_Joint_Representation_Learning_and_Online_Clustering_CVPR_2022_paper.html,https://openaccess.thecvf.com/content/CVPR2022/papers/Kumar_Unsupervised_Action_Segmentation_by_Joint_Representation_Learning_and_Online_Clustering_CVPR_2022_paper.pdf,,,,,"We present a novel approach for unsupervised activity segmentation which uses video frame clustering as a pretext task and simultaneously performs representation learning and online clustering. This is in contrast with prior works where representation learning and clustering are often performed sequentially. We leverage temporal information in videos by employing temporal optimal transport. In particular, we incorporate a temporal regularization term which preserves the temporal order of the activity into the standard optimal transport module for computing pseudo-label cluster assignments. The temporal optimal transport module enables our approach to learn effective representations for unsupervised activity segmentation. Furthermore, previous methods require storing learned features for the entire dataset before clustering them in an offline manner, whereas our approach processes one mini-batch at a time in an online manner. Extensive evaluations on three public datasets, i.e. 50-Salads, YouTube Instructions, and Breakfast, and our dataset, i.e., Desktop Assembly, show that our approach performs on par with or better than previous methods, despite having significantly less memory constraints.","[""temporal action segmentation""]","[""Temporal Action Segmentation""]","[""unsupervised""]","[""I3D-features"", ""IMU""]","[""long-video"", ""online"", ""streaming""]","[""optimal-transport"", ""clustering""]",unknown,"[""Breakfast""]","[""Edit"", ""F1@10"", ""F1@25"", ""F1@50"", ""frame accuracy""]",[],"[""See the original paper for scope and assumptions.""]",The paper predicts temporally dense action labels or contiguous semantic action segments and evaluates temporal segmentation.,True,True,library/pdfs/2022_CVPR_Kumar_unsupervised_action_segmentation_by_joint_representatio.pdf,269521c0aeca88dcedcb40578edd875f8b6a929b51ed545676f4693f7194459f,True,"[""https://openaccess.thecvf.com/content/CVPR2022/html/Kumar_Unsupervised_Action_Segmentation_by_Joint_Representation_Learning_and_Online_Clustering_CVPR_2022_paper.html""]",2026-07-28,,False,
2022-cvpr-weakly-supervised-online-multi-view,Weakly-Supervised Online Action Segmentation in Multi-View Instructional Videos,"[""Reza Ghoddoosian"", ""Isht Dwivedi"", ""Nakul Agarwal"", ""Chiho Choi"", ""Behzad Dariush""]",2022,CVPR,CCF-A,conference,https://openaccess.thecvf.com/content/CVPR2022/html/Ghoddoosian_Weakly-Supervised_Online_Action_Segmentation_in_Multi-View_Instructional_Videos_CVPR_2022_paper.html,https://openaccess.thecvf.com/content/CVPR2022/papers/Ghoddoosian_Weakly-Supervised_Online_Action_Segmentation_in_Multi-View_Instructional_Videos_CVPR_2022_paper.pdf,,,,,"This paper addresses a new problem of weakly-supervised online action segmentation in instructional videos. We present a framework to segment streaming videos online at test time using Dynamic Programming and show its advantages over greedy sliding window approach. We improve our framework by introducing the Online-Offline Discrepancy Loss (OODL) to encourage the segmentation results to have a higher temporal consistency. Furthermore, only during training, we exploit frame-wise correspondence between multiple views as supervision for training weakly-labeled instructional videos. In particular, we investigate three different multi-view inference techniques to generate more accurate frame-wise pseudo ground-truth with no additional annotation cost. We present results and ablation studies on two benchmark multi-view datasets, Breakfast and IKEA ASM. Experimental results show efficacy of the proposed methods both qualitatively and quantitatively in two domains of cooking and assembly.","[""temporal action segmentation""]","[""Temporal Action Segmentation""]","[""weakly-supervised""]","[""I3D-features""]","[""long-video"", ""online"", ""streaming""]","[""unknown""]",unknown,"[""Breakfast""]","[""Edit"", ""F1@10"", ""F1@25"", ""F1@50"", ""frame accuracy""]",[],"[""See the original paper for scope and assumptions.""]",The paper predicts temporally dense action labels or contiguous semantic action segments and evaluates temporal segmentation.,True,True,library/pdfs/2022_CVPR_Ghoddoosian_weakly_supervised_online_action_segmentation_in_multi_v.pdf,8e919a61c310cb64baa49138423d61b1e675c3db092a58fcd9dff51cd2d717d5,True,"[""https://openaccess.thecvf.com/content/CVPR2022/html/Ghoddoosian_Weakly-Supervised_Online_Action_Segmentation_in_Multi-View_Instructional_Videos_CVPR_2022_paper.html""]",2026-07-28,,False,
2022-eccv-generalized-robust-framework-timestamp-supervision,A Generalized & Robust Framework for Timestamp Supervision in Temporal Action Segmentation,"[""Rahul Rahaman"", ""Dipika Singhania"", ""Alexandre Thiery"", ""Angela Yao""]",2022,ECCV,Top-Vision,conference,https://www.ecva.net/papers/eccv_2022/papers_ECCV/html/4788_ECCV_2022_paper.php,https://www.ecva.net/papers/eccv_2022/papers_ECCV/papers/136640276.pdf,,,https://github.com/rahulrahaman/Timestamp-and-SkipTag,,unknown,"[""temporal action segmentation""]","[""Temporal Action Segmentation""]","[""timestamp-supervised""]","[""unknown""]","[""offline"", ""long-video""]","[""TCN"", ""uncertainty-modeling""]",unknown,[],"[""Edit"", ""F1@10"", ""F1@25"", ""F1@50"", ""frame accuracy""]",[],"[""See the original paper for scope and assumptions.""]",The paper predicts temporally dense action labels or contiguous semantic action segments and evaluates temporal segmentation.,True,True,library/pdfs/2022_ECCV_Rahaman_a_generalized_robust_framework_for_timestamp_supervisio.pdf,cd3b20853b6e99d7d6afa62167d8ee67c0d63138b8926840f8b6b5226d18d8cd,True,"[""https://www.ecva.net/papers/eccv_2022/papers_ECCV/html/4788_ECCV_2022_paper.php""]",2026-07-28,,False,
2022-eccv-leveraging-affinity-continuity-semi-supervised,Leveraging Action Affinity and Continuity for Semi-Supervised Temporal Action Segmentation,"[""Guodong Ding"", ""Angela Yao""]",2022,ECCV,Top-Vision,conference,https://www.ecva.net/papers/eccv_2022/papers_ECCV/html/3254_ECCV_2022_paper.php,https://www.ecva.net/papers/eccv_2022/papers_ECCV/papers/136950017.pdf,,,https://github.com/dinggd/semitas,,unknown,"[""temporal action segmentation""]","[""Temporal Action Segmentation""]","[""semi-supervised""]","[""unknown""]","[""offline"", ""long-video""]","[""contrastive-learning"", ""boundary-modeling""]",unknown,[],"[""Edit"", ""F1@10"", ""F1@25"", ""F1@50"", ""frame accuracy""]",[],"[""See the original paper for scope and assumptions.""]",The paper predicts temporally dense action labels or contiguous semantic action segments and evaluates temporal segmentation.,True,True,library/pdfs/2022_ECCV_Ding_leveraging_action_affinity_and_continuity_for_semi_supe.pdf,43156119c76e713b24251beaf5d61fdc2eecfd67580932cb6b1cf58aa142b412,True,"[""https://www.ecva.net/papers/eccv_2022/papers_ECCV/html/3254_ECCV_2022_paper.php""]",2026-07-28,,False,
2022-eccv-my-view-is-best-view,My View Is the Best View: Procedure Learning from Egocentric Videos,"[""Siddhant Bansal"", ""Chetan Arora"", ""C. V. Jawahar""]",2022,ECCV,Top-Vision,conference,https://www.ecva.net/papers/eccv_2022/papers_ECCV/html/1910_ECCV_2022_paper.php,https://www.ecva.net/papers/eccv_2022/papers_ECCV/papers/136730656.pdf,,,https://sid2697.github.io/egoprocel,,unknown,"[""temporal action segmentation""]","[""Temporal Action Segmentation""]","[""unsupervised""]","[""unknown""]","[""egocentric"", ""long-video"", ""offline""]","[""clustering"", ""contrastive-learning""]",unknown,[],"[""Edit"", ""F1@10"", ""F1@25"", ""F1@50"", ""frame accuracy""]",[],"[""See the original paper for scope and assumptions.""]",The paper predicts temporally dense action labels or contiguous semantic action segments and evaluates temporal segmentation.,True,True,library/pdfs/2022_ECCV_Bansal_my_view_is_the_best_view_procedure_learning_from_egocen.pdf,1cd24e75f17ab3f95eb4109c9e6937cfd74ee07671ce8247ea85c71c55800cb5,True,"[""https://www.ecva.net/papers/eccv_2022/papers_ECCV/html/1910_ECCV_2022_paper.php""]",2026-07-28,,False,
2022-eccv-unified-fully-timestamp-supervised-sequence,Unified Fully and Timestamp Supervised Temporal Action Segmentation via Sequence to Sequence Translation,"[""Nadine Behrmann"", ""S. Alireza Golestaneh"", ""Zico Kolter"", ""Juergen Gall"", ""Mehdi Noroozi""]",2022,ECCV,Top-Vision,conference,https://www.ecva.net/papers/eccv_2022/papers_ECCV/html/3672_ECCV_2022_paper.php,https://www.ecva.net/papers/eccv_2022/papers_ECCV/papers/136950052.pdf,,,,,unknown,"[""temporal action segmentation""]","[""Temporal Action Segmentation""]","[""timestamp-supervised""]","[""unknown""]","[""offline"", ""long-video""]","[""Transformer"", ""structured-decoding"", ""duration-modeling""]",unknown,[],"[""Edit"", ""F1@10"", ""F1@25"", ""F1@50"", ""frame accuracy""]",[],"[""See the original paper for scope and assumptions.""]",The paper predicts temporally dense action labels or contiguous semantic action segments and evaluates temporal segmentation.,True,True,library/pdfs/2022_ECCV_Behrmann_unified_fully_and_timestamp_supervised_temporal_action.pdf,5c81b4546d953f8b71fe5f40b535231c2f2fccbc6892cfb2f21ae62dd08aa963,True,"[""https://www.ecva.net/papers/eccv_2022/papers_ECCV/html/3672_ECCV_2022_paper.php""]",2026-07-28,,False,
2022-ijcai-uncertainty-aware-representation-learning,Uncertainty-Aware Representation Learning for Action Segmentation,"[""Lei Chen"", ""Muheng Li"", ""Yueqi Duan"", ""Jie Zhou"", ""Jiwen Lu""]",2022,IJCAI,CCF-A,conference,https://www.ijcai.org/proceedings/2022/115,https://www.ijcai.org/proceedings/2022/0115.pdf,,,,,unknown,"[""temporal action segmentation""]","[""Temporal Action Segmentation""]","[""fully-supervised""]","[""unknown""]","[""offline"", ""long-video""]","[""uncertainty-modeling"", ""boundary-modeling""]",unknown,[],"[""Edit"", ""F1@10"", ""F1@25"", ""F1@50"", ""frame accuracy""]",[],"[""See the original paper for scope and assumptions.""]",The paper predicts temporally dense action labels or contiguous semantic action segments and evaluates temporal segmentation.,True,True,library/pdfs/2022_IJCAI_Chen_uncertainty_aware_representation_learning_for_action_se.pdf,028a53b7089d18546be31bc528cb29e66e3e109d31c4155c36419920302d43c0,True,"[""https://www.ijcai.org/proceedings/2022/115""]",2026-07-28,,False,
2022-iros-timestamp-supervised-graph-convolutional-networks,Timestamp-Supervised Action Segmentation with Graph Convolutional Networks,"[""Hamza Khan"", ""Sanjay Haresh"", ""Awais Ahmed"", ""Shakeeb Siddiqui"", ""Andrey Konin"", ""M. Zeeshan Zia"", ""Quoc-Huy Tran""]",2022,IROS,Robotics-Embodied,conference,https://doi.org/10.1109/IROS47612.2022.9981176,https://arxiv.org/pdf/2206.15031,,,,,unknown,"[""temporal action segmentation""]","[""Temporal Action Segmentation""]","[""timestamp-supervised""]","[""unknown""]","[""offline"", ""embodied"", ""long-video""]","[""graphical-model"", ""TCN""]",unknown,[],"[""Edit"", ""F1@10"", ""F1@25"", ""F1@50"", ""frame accuracy""]",[],"[""See the original paper for scope and assumptions.""]",The paper predicts temporally dense action labels or contiguous semantic action segments and evaluates temporal segmentation.,True,True,library/pdfs/2022_IROS_Khan_timestamp_supervised_action_segmentation_with_graph_con.pdf,980fadffe1cf72c6cf0c06e32acb8a31b3ee15339236d5cf00ec4426f4dbdacd,True,"[""https://doi.org/10.1109/IROS47612.2022.9981176""]",2026-07-28,,False,
2022-neurips-don-t-pour-cereal-into,Don't Pour Cereal into Coffee: Differentiable Temporal Logic for Temporal Action Segmentation,"[""Ziwei Xu"", ""Yogesh S. Rawat"", ""Yongkang Wong"", ""Mohan S. Kankanhalli"", ""Mubarak Shah""]",2022,NeurIPS,CCF-A,conference,https://openreview.net/forum?id=PCQyUvAmKs,https://openreview.net/pdf?id=PCQyUvAmKs,,,https://diff-tl.github.io/,,unknown,"[""temporal action segmentation""]","[""Temporal Action Segmentation""]","[""fully-supervised""]","[""unknown""]","[""offline"", ""long-video""]","[""structured-decoding""]",unknown,[],"[""Edit"", ""F1@10"", ""F1@25"", ""F1@50"", ""frame accuracy""]",[],"[""See the original paper for scope and assumptions.""]",The paper predicts temporally dense action labels or contiguous semantic action segments and evaluates temporal segmentation.,True,False,,,True,"[""https://openreview.net/forum?id=PCQyUvAmKs""]",2026-07-28,,False,
2022-preprint-parsing-using-context-features,Action parsing using context features,"[""Nagita Mehrseresht""]",2022,Preprint,Preprint,preprint,,https://arxiv.org/pdf/2205.10008,https://arxiv.org/abs/2205.10008,10.1109/DICTA.2017.8227399,,,"We propose an action parsing algorithm to parse a video sequence containing an unknown number of actions into its action segments. We argue that context information, particularly the temporal information about other actions in the video sequence, is valuable for action segmentation. The proposed parsing algorithm temporally segments the video sequence into action segments. The optimal temporal segmentation is found using a dynamic programming search algorithm that optimizes the overall classification confidence score. The classification score of each segment is determined using local features calculated from that segment as well as context features calculated from other candidate action segments of the sequence. Experimental results on the Breakfast activity data-set showed improved segmentation accuracy compared to existing state-of-the-art parsing techniques.","[""temporal action segmentation""]","[""Temporal Action Segmentation""]","[""fully-supervised""]","[""unknown""]","[""offline"", ""long-video""]","[""unknown""]",unknown,"[""Breakfast""]","[""Edit"", ""F1@10"", ""F1@25"", ""F1@50"", ""frame accuracy""]",[],"[""See the original paper for scope and assumptions.""]",The paper predicts temporally dense action labels or contiguous semantic action segments and evaluates temporal segmentation.,True,True,library/pdfs/2022_Preprint_Mehrseresht_action_parsing_using_context_features.pdf,34b4901a6f0e2656a0bed7570559ab8ef94242d402e443c425492846b205ce65,False,"[""https://arxiv.org/abs/2205.10008""]",2026-07-28,"arXiv 2205.10008; first submitted 2022-05-20; last updated 2022-05-20; comment=none; journal_ref=International Conference on Digital Image Computing: Techniques and Applications (DICTA), 2017, pp. 1-7. No formal conference proceedings placement has been verified.",True,Direct TAS arXiv hit; formal publication status requires first-party proceedings verification.
2022-preprint-efficient-framework-few-shot-skeleton,An Efficient Framework for Few-shot Skeleton-based Temporal Action Segmentation,"[""Leiyang Xu"", ""Qiang Wang"", ""Xiaotian Lin"", ""Lin Yuan""]",2022,Preprint,Preprint,preprint,,https://arxiv.org/pdf/2207.09925,https://arxiv.org/abs/2207.09925,,,,"Temporal action segmentation (TAS) aims to classify and locate actions in the long untrimmed action sequence. With the success of deep learning, many deep models for action segmentation have emerged. However, few-shot TAS is still a challenging problem. This study proposes an efficient framework for the few-shot skeleton-based TAS, including a data augmentation method and an improved model. The data augmentation approach based on motion interpolation is presented here to solve the problem of insufficient data, and can increase the number of samples significantly by synthesizing action sequences. Besides, we concatenate a Connectionist Temporal Classification (CTC) layer with a network designed for skeleton-based TAS to obtain an optimized model. Leveraging CTC can enhance the temporal alignment between prediction and ground truth and further improve the segment-wise metrics of segmentation results. Extensive experiments on both public and self-constructed datasets, including two small-scale datasets and one large-scale dataset, show the effectiveness of two proposed methods in improving the performance of the few-shot skeleton-based TAS task.","[""temporal action segmentation""]","[""Skeleton-based Temporal Action Segmentation""]","[""few-shot""]","[""skeleton""]","[""long-video"", ""offline"", ""open-vocabulary""]","[""unknown""]",unknown,[],"[""Edit"", ""F1@10"", ""F1@25"", ""F1@50"", ""frame accuracy""]",[],"[""See the original paper for scope and assumptions.""]",The paper predicts temporally dense action labels or contiguous semantic action segments and evaluates temporal segmentation.,True,True,library/pdfs/2022_Preprint_Xu_an_efficient_framework_for_few_shot_skeleton_based_temp.pdf,234832a35dea977f6e5a6bdf3eb0c1f82e841fc4c194f410a35f6cf349f20e86,False,"[""https://arxiv.org/abs/2207.09925""]",2026-07-28,arXiv 2207.09925; first submitted 2022-07-20; last updated 2022-07-20; comment=none; journal_ref=none. No formal conference proceedings placement has been verified.,True,Direct TAS arXiv hit; formal publication status requires first-party proceedings verification.
2022-preprint-c2f-tcn-framework-semi-fully,C2F-TCN: A Framework for Semi and Fully Supervised Temporal Action Segmentation,"[""Dipika Singhania"", ""Rahul Rahaman"", ""Angela Yao""]",2022,Preprint,Preprint,preprint,,https://arxiv.org/pdf/2212.11078,https://arxiv.org/abs/2212.11078,,,,"Temporal action segmentation tags action labels for every frame in an input untrimmed video containing multiple actions in a sequence. For the task of temporal action segmentation, we propose an encoder-decoder-style architecture named C2F-TCN featuring a ""coarse-to-fine"" ensemble of decoder outputs. The C2F-TCN framework is enhanced with a novel model agnostic temporal feature augmentation strategy formed by the computationally inexpensive strategy of the stochastic max-pooling of segments. It produces more accurate and well-calibrated supervised results on three benchmark action segmentation datasets. We show that the architecture is flexible for both supervised and representation learning. In line with this, we present a novel unsupervised way to learn frame-wise representation from C2F-TCN. Our unsupervised learning approach hinges on the clustering capabilities of the input features and the formation of multi-resolution features from the decoder's implicit structure. Further, we provide the first semi-supervised temporal action segmentation results by merging representation learning with conventional supervised learning. Our semi-supervised learning scheme, called ``Iterative-Contrastive-Classify (ICC)'', progressively improves in performance with more labeled data. The ICC semi-supervised learning in C2F-TCN, with 40% labeled videos, performs similar to fully supervised counterparts.","[""temporal action segmentation""]","[""Temporal Action Segmentation""]","[""semi-supervised""]","[""unknown""]","[""offline"", ""long-video""]","[""clustering""]",unknown,[],"[""Edit"", ""F1@10"", ""F1@25"", ""F1@50"", ""frame accuracy""]",[],"[""See the original paper for scope and assumptions.""]",The paper predicts temporally dense action labels or contiguous semantic action segments and evaluates temporal segmentation.,True,True,library/pdfs/2022_Preprint_Singhania_c2f_tcn_a_framework_for_semi_and_fully_supervised_tempo.pdf,618b9f2f0c156024032b73a69f552b966c620ee8818110d2dbd34fd4277310aa,False,"[""https://arxiv.org/abs/2212.11078""]",2026-07-28,arXiv 2212.11078; first submitted 2022-12-20; last updated 2022-12-20; comment=arXiv admin note: text overlap with arXiv:2112.01402; journal_ref=none. No formal conference proceedings placement has been verified.,True,Direct TAS arXiv hit; formal publication status requires first-party proceedings verification.
2022-preprint-cross-enhancement-transformer,Cross-Enhancement Transformer for Action Segmentation,"[""Jiahui Wang"", ""Zhenyou Wang"", ""Shanna Zhuang"", ""Hui Wang""]",2022,Preprint,Preprint,preprint,,https://arxiv.org/pdf/2205.09445,https://arxiv.org/abs/2205.09445,,,,"Temporal convolutions have been the paradigm of choice in action segmentation, which enhances long-term receptive fields by increasing convolution layers. However, high layers cause the loss of local information necessary for frame recognition. To solve the above problem, a novel encoder-decoder structure is proposed in this paper, called Cross-Enhancement Transformer. Our approach can be effective learning of temporal structure representation with interactive self-attention mechanism. Concatenated each layer convolutional feature maps in encoder with a set of features in decoder produced via self-attention. Therefore, local and global information are used in a series of frame actions simultaneously. In addition, a new loss function is proposed to enhance the training process that penalizes over-segmentation errors. Experiments show that our framework performs state-of-the-art on three challenging datasets: 50Salads, Georgia Tech Egocentric Activities and the Breakfast dataset.","[""temporal action segmentation""]","[""Temporal Action Segmentation""]","[""fully-supervised""]","[""IMU""]","[""egocentric"", ""long-video"", ""offline""]","[""Transformer"", ""TCN""]",unknown,"[""Breakfast"", ""50Salads""]","[""Edit"", ""F1@10"", ""F1@25"", ""F1@50"", ""frame accuracy""]",[],"[""See the original paper for scope and assumptions.""]",The paper predicts temporally dense action labels or contiguous semantic action segments and evaluates temporal segmentation.,True,True,library/pdfs/2022_Preprint_Wang_cross_enhancement_transformer_for_action_segmentation.pdf,1475fc7e9bff032f1c9e10896e55d8df2420cd43ba4c24a5a814ccea1d60af3c,False,"[""https://arxiv.org/abs/2205.09445""]",2026-07-28,arXiv 2205.09445; first submitted 2022-05-19; last updated 2022-05-19; comment=none; journal_ref=none. No formal conference proceedings placement has been verified.,True,Direct TAS arXiv hit; formal publication status requires first-party proceedings verification.
2022-preprint-distill-collect-semi-supervised,Distill and Collect for Semi-Supervised Temporal Action Segmentation,"[""Sovan Biswas"", ""Anthony Rhodes"", ""Ramesh Manuvinakurike"", ""Giuseppe Raffa"", ""Richard Beckwith""]",2022,Preprint,Preprint,preprint,,https://arxiv.org/pdf/2211.01311,https://arxiv.org/abs/2211.01311,,,,"Recent temporal action segmentation approaches need frame annotations during training to be effective. These annotations are very expensive and time-consuming to obtain. This limits their performances when only limited annotated data is available. In contrast, we can easily collect a large corpus of in-domain unannotated videos by scavenging through the internet. Thus, this paper proposes an approach for the temporal action segmentation task that can simultaneously leverage knowledge from annotated and unannotated video sequences. Our approach uses multi-stream distillation that repeatedly refines and finally combines their frame predictions. Our model also predicts the action order, which is later used as a temporal constraint while estimating frames labels to counter the lack of supervision for unannotated videos. In the end, our evaluation of the proposed approach on two different datasets demonstrates its capability to achieve comparable performance to the full supervision despite limited annotation.","[""temporal action segmentation""]","[""Temporal Action Segmentation""]","[""semi-supervised""]","[""IMU""]","[""offline"", ""long-video""]","[""unknown""]",unknown,[],"[""Edit"", ""F1@10"", ""F1@25"", ""F1@50"", ""frame accuracy""]",[],"[""See the original paper for scope and assumptions.""]",The paper predicts temporally dense action labels or contiguous semantic action segments and evaluates temporal segmentation.,True,True,library/pdfs/2022_Preprint_Biswas_distill_and_collect_for_semi_supervised_temporal_action.pdf,f734da9c04e556987af39c1fd933f17af0ab4a204ad20d2213389bc1c333bd0e,False,"[""https://arxiv.org/abs/2211.01311""]",2026-07-28,arXiv 2211.01311; first submitted 2022-11-02; last updated 2022-11-03; comment=none; journal_ref=none. No formal conference proceedings placement has been verified.,True,Direct TAS arXiv hit; formal publication status requires first-party proceedings verification.
2022-preprint-do-we-really-need-convolutions,Do we really need temporal convolutions in action segmentation?,"[""Dazhao Du"", ""Bing Su"", ""Yu Li"", ""Zhongang Qi"", ""Lingyu Si"", ""Ying Shan""]",2022,Preprint,Preprint,preprint,,https://arxiv.org/pdf/2205.13425,https://arxiv.org/abs/2205.13425,,,,"Action classification has made great progress, but segmenting and recognizing actions from long untrimmed videos remains a challenging problem. Most state-of-the-art methods focus on designing temporal convolution-based models, but the inflexibility of temporal convolutions and the difficulties in modeling long-term temporal dependencies restrict the potential of these models. Transformer-based models with adaptable and sequence modeling capabilities have recently been used in various tasks. However, the lack of inductive bias and the inefficiency of handling long video sequences limit the application of Transformer in action segmentation. In this paper, we design a pure Transformer-based model without temporal convolutions by incorporating temporal sampling, called Temporal U-Transformer (TUT). The U-Transformer architecture reduces complexity while introducing an inductive bias that adjacent frames are more likely to belong to the same class, but the introduction of coarse resolutions results in the misclassification of boundaries. We observe that the similarity distribution between a boundary frame and its neighboring frames depends on whether the boundary frame is the start or end of an action segment. Therefore, we further propose a boundary-aware loss based on the distribution of similarity scores between frames from attention modules to enhance the ability to recognize boundaries. Extensive experiments show the effectiveness of our model.","[""temporal action segmentation""]","[""Temporal Action Segmentation""]","[""fully-supervised""]","[""unknown""]","[""offline"", ""long-video""]","[""Transformer"", ""boundary-modeling"", ""TCN""]",unknown,[],"[""Edit"", ""F1@10"", ""F1@25"", ""F1@50"", ""frame accuracy""]",[],"[""See the original paper for scope and assumptions.""]",The paper predicts temporally dense action labels or contiguous semantic action segments and evaluates temporal segmentation.,True,True,library/pdfs/2022_Preprint_Du_do_we_really_need_temporal_convolutions_in_action_segme.pdf,a817c606151c85a8ac3371bff884a7efb303329e652bf2b70c282ec3f78ed09d,False,"[""https://arxiv.org/abs/2205.13425""]",2026-07-28,arXiv 2205.13425; first submitted 2022-05-26; last updated 2022-11-22; comment=none; journal_ref=none. No formal conference proceedings placement has been verified.,True,Direct TAS arXiv hit; formal publication status requires first-party proceedings verification.
2022-preprint-hand-guided-high-resolution-feature,Hand Guided High Resolution Feature Enhancement for Fine-Grained Atomic Action Segmentation within Complex Human Assemblies,"[""Matthew Kent Myers"", ""Nick Wright"", ""Stephen McGough"", ""Nicholas Martin""]",2022,Preprint,Preprint,preprint,,https://arxiv.org/pdf/2211.13694,https://arxiv.org/abs/2211.13694,,,,"Due to the rapid temporal and fine-grained nature of complex human assembly atomic actions, traditional action segmentation approaches requiring the spatial (and often temporal) down sampling of video frames often loose vital fine-grained spatial and temporal information required for accurate classification within the manufacturing domain. In order to fully utilise higher resolution video data (often collected within the manufacturing domain) and facilitate real time accurate action segmentation - required for human robot collaboration - we present a novel hand location guided high resolution feature enhanced model. We also propose a simple yet effective method of deploying offline trained action recognition models for real time action segmentation on temporally short fine-grained actions, through the use of surround sampling while training and temporally aware label cleaning at inference. We evaluate our model on a novel action segmentation dataset containing 24 (+background) atomic actions from video data of a real world robotics assembly production line. Showing both high resolution hand features as well as traditional frame wide features improve fine-grained atomic action classification, and that though temporally aware label clearing our model is capable of surpassing similar encoder/decoder methods, while allowing for real time classification.","[""temporal action segmentation""]","[""Temporal Action Segmentation""]","[""fully-supervised""]","[""unknown""]","[""offline"", ""long-video""]","[""unknown""]",unknown,[],"[""Edit"", ""F1@10"", ""F1@25"", ""F1@50"", ""frame accuracy""]",[],"[""See the original paper for scope and assumptions.""]",The paper predicts temporally dense action labels or contiguous semantic action segments and evaluates temporal segmentation.,True,True,library/pdfs/2022_Preprint_Myers_hand_guided_high_resolution_feature_enhancement_for_fin.pdf,ae829fc6a8c254106c35d6132c35babe3c6dd4148ae461a200865cc96f1fd94e,False,"[""https://arxiv.org/abs/2211.13694""]",2026-07-28,arXiv 2211.13694; first submitted 2022-11-24; last updated 2022-11-24; comment=none; journal_ref=none. No formal conference proceedings placement has been verified.,True,Direct TAS arXiv hit; formal publication status requires first-party proceedings verification.
2022-preprint-semantic2graph-graph-based-multi-modal,Semantic2Graph: Graph-based Multi-modal Feature Fusion for Action Segmentation in Videos,"[""Junbin Zhang"", ""Pei-Hsuan Tsai"", ""Meng-Hsun Tsai""]",2022,Preprint,Preprint,preprint,,https://arxiv.org/pdf/2209.05653,https://arxiv.org/abs/2209.05653,,,,unknown,"[""temporal action segmentation""]","[""Temporal Action Segmentation""]","[""fully-supervised""]","[""multimodal""]","[""offline"", ""long-video""]","[""graphical-model""]",unknown,[],"[""Edit"", ""F1@10"", ""F1@25"", ""F1@50"", ""frame accuracy""]",[],"[""See the original paper for scope and assumptions.""]",The paper predicts temporally dense action labels or contiguous semantic action segments and evaluates temporal segmentation.,True,True,library/pdfs/2022_Preprint_Zhang_semantic2graph_graph_based_multi_modal_feature_fusion_f.pdf,d5a15acc9f4a09919dc3818f10352bd6af4d110014f80a299e24611e63893781,False,"[""https://arxiv.org/abs/2209.05653""]",2026-07-28,arXiv 2209.05653; first submitted 2022-09-12; last update 2023-03-15; no formal proceedings placement verified by 2026-07-28.,True,No formal conference proceedings placement verified.
2022-preprint-skeleton-based-multi-stage-spatial,Skeleton-Based Action Segmentation with Multi-Stage Spatial-Temporal Graph Convolutional Neural Networks,"[""Benjamin Filtjens"", ""Bart Vanrumste"", ""Peter Slaets""]",2022,Preprint,Preprint,preprint,,https://arxiv.org/pdf/2202.01727,https://arxiv.org/abs/2202.01727,10.1109/TETC.2022.3230912,,,"The ability to identify and temporally segment fine-grained actions in motion capture sequences is crucial for applications in human movement analysis. Motion capture is typically performed with optical or inertial measurement systems, which encode human movement as a time series of human joint locations and orientations or their higher-order representations. State-of-the-art action segmentation approaches use multiple stages of temporal convolutions. The main idea is to generate an initial prediction with several layers of temporal convolutions and refine these predictions over multiple stages, also with temporal convolutions. Although these approaches capture long-term temporal patterns, the initial predictions do not adequately consider the spatial hierarchy among the human joints. To address this limitation, we recently introduced multi-stage spatial-temporal graph convolutional neural networks (MS-GCN). Our framework replaces the initial stage of temporal convolutions with spatial graph convolutions and dilated temporal convolutions, which better exploit the spatial configuration of the joints and their long-term temporal dynamics. Our framework was compared to four strong baselines on five tasks. Experimental results demonstrate that our framework is a strong baseline for skeleton-based action segmentation.","[""temporal action segmentation""]","[""Skeleton-based Temporal Action Segmentation""]","[""fully-supervised""]","[""skeleton""]","[""offline"", ""long-video""]","[""TCN"", ""multi-stage-TCN""]",unknown,[],"[""Edit"", ""F1@10"", ""F1@25"", ""F1@50"", ""frame accuracy""]",[],"[""See the original paper for scope and assumptions.""]",The paper predicts temporally dense action labels or contiguous semantic action segments and evaluates temporal segmentation.,True,True,library/pdfs/2022_Preprint_Filtjens_skeleton_based_action_segmentation_with_multi_stage_spa.pdf,47284bf942a172e36481bf404c6bf04b3f2cbeab69a3a3e07c7f29232a9291ff,False,"[""https://arxiv.org/abs/2202.01727""]",2026-07-28,arXiv 2202.01727; first submitted 2022-02-03; last updated 2022-10-09; comment=none; journal_ref=none. No formal conference proceedings placement has been verified.,True,Direct TAS arXiv hit; formal publication status requires first-party proceedings verification.
2022-preprint-streaming-real-time,Streaming Video Temporal Action Segmentation In Real Time,"[""Wujun Wen"", ""Yunheng Li"", ""Zhuben Dong"", ""Lin Feng"", ""Wanxiao Yang"", ""Shenlan Liu""]",2022,Preprint,Preprint,preprint,,https://arxiv.org/pdf/2209.13808,https://arxiv.org/abs/2209.13808,,,,"Temporal action segmentation (TAS) is a critical step toward long-term video understanding. Recent studies follow a pattern that builds models based on features instead of raw video picture information. However, we claim those models are trained complicatedly and limit application scenarios. It is hard for them to segment human actions of video in real time because they must work after the full video features are extracted. As the real-time action segmentation task is different from TAS task, we define it as streaming video real-time temporal action segmentation (SVTAS) task. In this paper, we propose a real-time end-to-end multi-modality model for SVTAS task. More specifically, under the circumstances that we cannot get any future information, we segment the current human action of streaming video chunk in real time. Furthermore, the model we propose combines the last steaming video chunk feature extracted by language model with the current image feature extracted by image model to improve the quantity of real-time temporal action segmentation. To the best of our knowledge, it is the first multi-modality real-time temporal action segmentation model. Under the same evaluation criteria as full video temporal action segmentation, our model segments human action in real time with less than 40% of state-of-the-art model computation and achieves 90% of the accuracy of the full video state-of-the-art model.","[""temporal action segmentation""]","[""Temporal Action Segmentation""]","[""fully-supervised""]","[""multimodal"", ""video-language""]","[""offline"", ""long-video""]","[""unknown""]",unknown,[],"[""Edit"", ""F1@10"", ""F1@25"", ""F1@50"", ""frame accuracy""]",[],"[""See the original paper for scope and assumptions.""]",The paper predicts temporally dense action labels or contiguous semantic action segments and evaluates temporal segmentation.,True,True,library/pdfs/2022_Preprint_Wen_streaming_video_temporal_action_segmentation_in_real_ti.pdf,44ea1583b1f60d6d7c1c498a887d2a434ef62fe5fa393ad8f8ddfcdc76e3117b,False,"[""https://arxiv.org/abs/2209.13808""]",2026-07-28,arXiv 2209.13808; first submitted 2022-09-28; last updated 2023-10-10; comment=accepted by ISKE2023; journal_ref=none. No formal conference proceedings placement has been verified.,True,Direct TAS arXiv hit; formal publication status requires first-party proceedings verification.
2022-preprint-analysis-modern-techniques,Temporal Action Segmentation: An Analysis of Modern Techniques,"[""Guodong Ding"", ""Fadime Sener"", ""Angela Yao""]",2022,Preprint,Preprint,preprint,,https://arxiv.org/pdf/2210.10352,https://arxiv.org/abs/2210.10352,,,,"Temporal action segmentation (TAS) in videos aims at densely identifying video frames in minutes-long videos with multiple action classes. As a long-range video understanding task, researchers have developed an extended collection of methods and examined their performance using various benchmarks. Despite the rapid growth of TAS techniques in recent years, no systematic survey has been conducted in these sectors. This survey analyzes and summarizes the most significant contributions and trends. In particular, we first examine the task definition, common benchmarks, types of supervision, and prevalent evaluation measures. In addition, we systematically investigate two essential techniques of this topic, i.e., frame representation and temporal modeling, which have been studied extensively in the literature. We then conduct a thorough review of existing TAS works categorized by their levels of supervision and conclude our survey by identifying and emphasizing several research gaps. In addition, we have curated a list of TAS resources, which is available at https://github.com/nus-cvml/awesome-temporal-action-segmentation.","[""temporal action segmentation""]","[""Temporal Action Segmentation""]","[""fully-supervised""]","[""unknown""]","[""offline"", ""long-video""]","[""unknown""]",unknown,[],"[""Edit"", ""F1@10"", ""F1@25"", ""F1@50"", ""frame accuracy""]",[],"[""See the original paper for scope and assumptions.""]",The paper predicts temporally dense action labels or contiguous semantic action segments and evaluates temporal segmentation.,True,True,library/pdfs/2022_Preprint_Ding_temporal_action_segmentation_an_analysis_of_modern_tech.pdf,35023df654025b00ea6f40881834348f0339393bf9d99b560611dbcce4fec865,False,"[""https://arxiv.org/abs/2210.10352""]",2026-07-28,"arXiv 2210.10352; first submitted 2022-10-19; last updated 2023-10-21; comment=19 pages, 9 figures, 8 tables, TPAMI 2023; journal_ref=none. No formal conference proceedings placement has been verified.",True,Direct TAS arXiv hit; formal publication status requires first-party proceedings verification.
2022-preprint-transformers-weakly-supervised,Transformers in Action: Weakly Supervised Action Segmentation,"[""John Ridley"", ""Huseyin Coskun"", ""David Joseph Tan"", ""Nassir Navab"", ""Federico Tombari""]",2022,Preprint,Preprint,preprint,,https://arxiv.org/pdf/2201.05675,https://arxiv.org/abs/2201.05675,,,,"The video action segmentation task is regularly explored under weaker forms of supervision, such as transcript supervision, where a list of actions is easier to obtain than dense frame-wise labels. In this formulation, the task presents various challenges for sequence modeling approaches due to the emphasis on action transition points, long sequence lengths, and frame contextualization, making the task well-posed for transformers. Given developments enabling transformers to scale linearly, we demonstrate through our architecture how they can be applied to improve action alignment accuracy over the equivalent RNN-based models with the attention mechanism focusing around salient action transition regions. Additionally, given the recent focus on inference-time transcript selection, we propose a supplemental transcript embedding approach to select transcripts more quickly at inference-time. Furthermore, we subsequently demonstrate how this approach can also improve the overall segmentation performance. Finally, we evaluate our proposed methods across the benchmark datasets to better understand the applicability of transformers and the importance of transcript selection on this video-driven weakly-supervised task.","[""temporal action segmentation""]","[""Temporal Action Segmentation""]","[""weakly-supervised""]","[""unknown""]","[""offline"", ""long-video""]","[""Transformer""]",unknown,[],"[""Edit"", ""F1@10"", ""F1@25"", ""F1@50"", ""frame accuracy""]",[],"[""See the original paper for scope and assumptions.""]",The paper predicts temporally dense action labels or contiguous semantic action segments and evaluates temporal segmentation.,True,True,library/pdfs/2022_Preprint_Ridley_transformers_in_action_weakly_supervised_action_segment.pdf,47890da4954f72b6f7e51bb7e15a14cbd4364592c7836485a590eba0cc7a45b5,False,"[""https://arxiv.org/abs/2201.05675""]",2026-07-28,arXiv 2201.05675; first submitted 2022-01-14; last updated 2022-01-20; comment=Under Review; journal_ref=none. No formal conference proceedings placement has been verified.,True,Direct TAS arXiv hit; formal publication status requires first-party proceedings verification.
2022-preprint-turning-teacher-timestamp-supervised,Turning to a Teacher for Timestamp Supervised Temporal Action Segmentation,"[""Yang Zhao"", ""Yan Song""]",2022,Preprint,Preprint,preprint,,https://arxiv.org/pdf/2207.00712,https://arxiv.org/abs/2207.00712,10.1109/ICME52920.2022.9859626,,,"Temporal action segmentation in videos has drawn much attention recently. Timestamp supervision is a cost-effective way for this task. To obtain more information to optimize the model, the existing method generated pseudo frame-wise labels iteratively based on the output of a segmentation model and the timestamp annotations. However, this practice may introduce noise and oscillation during the training, and lead to performance degeneration. To address this problem, we propose a new framework for timestamp supervised temporal action segmentation by introducing a teacher model parallel to the segmentation model to help stabilize the process of model optimization. The teacher model can be seen as an ensemble of the segmentation model, which helps to suppress the noise and to improve the stability of pseudo labels. We further introduce a segmentally smoothing loss, which is more focused and cohesive, to enforce the smooth transition of the predicted probabilities within action instances. The experiments on three datasets show that our method outperforms the state-of-the-art method and performs comparably against the fully-supervised methods at a much lower annotation cost.","[""temporal action segmentation""]","[""Temporal Action Segmentation""]","[""timestamp-supervised""]","[""unknown""]","[""offline"", ""long-video""]","[""unknown""]",unknown,[],"[""Edit"", ""F1@10"", ""F1@25"", ""F1@50"", ""frame accuracy""]",[],"[""See the original paper for scope and assumptions.""]",The paper predicts temporally dense action labels or contiguous semantic action segments and evaluates temporal segmentation.,True,True,library/pdfs/2022_Preprint_Zhao_turning_to_a_teacher_for_timestamp_supervised_temporal.pdf,d5e191d9054c481c9058bbd72e6d48eed6eef6462c96761d1e6cd5556830970a,False,"[""https://arxiv.org/abs/2207.00712""]",2026-07-28,"arXiv 2207.00712; first submitted 2022-07-02; last updated 2022-07-02; comment=6 pages, ICME 2022 oral; journal_ref=none. No formal conference proceedings placement has been verified.",True,Direct TAS arXiv hit; formal publication status requires first-party proceedings verification.
2022-wacv-hierarchical-modeling-task-recognition-weakly,Hierarchical Modeling for Task Recognition and Action Segmentation in Weakly-Labeled Instructional Videos,"[""Reza Ghoddoosian"", ""Saif Sayed"", ""Vassilis Athitsos""]",2022,WACV,Top-Vision,conference,https://openaccess.thecvf.com/content/WACV2022/html/Ghoddoosian_Hierarchical_Modeling_for_Task_Recognition_and_Action_Segmentation_in_Weakly-Labeled_WACV_2022_paper.html,https://openaccess.thecvf.com/content/WACV2022/papers/Ghoddoosian_Hierarchical_Modeling_for_Task_Recognition_and_Action_Segmentation_in_Weakly-Labeled_WACV_2022_paper.pdf,,,,,"This paper focuses on task recognition and action segmentation in weakly-labeled instructional videos, where only the ordered sequence of video-level actions is available during training. We propose a two-stream framework, which exploits semantic and temporal hierarchies to recognize top-level tasks in instructional videos. Further, we present a novel top-down weakly-supervised action segmentation approach, where the predicted task is used to constrain the inference of fine-grained action sequences. Experimental results on the popular Breakfast and Cooking 2 datasets show that our two-stream hierarchical task modeling significantly outperforms existing methods in top-level task recognition for all datasets and metrics. Additionally, using our task recognition framework in the proposed top-down action segmentation approach consistently improves the state of the art, while also reducing segmentation inference time by 80-90 percent.","[""temporal action segmentation""]","[""Temporal Action Segmentation""]","[""weakly-supervised""]","[""I3D-features""]","[""offline"", ""long-video""]","[""unknown""]",unknown,"[""Breakfast""]","[""Edit"", ""F1@10"", ""F1@25"", ""F1@50"", ""frame accuracy""]",[],"[""See the original paper for scope and assumptions.""]",The paper predicts temporally dense action labels or contiguous semantic action segments and evaluates temporal segmentation.,True,True,library/pdfs/2022_WACV_Ghoddoosian_hierarchical_modeling_for_task_recognition_and_action_s.pdf,6c78b0bd94bdaaf128e5bc8c1e6de26450aeb33e164b14f68066e6662a7cb9a2,True,"[""https://openaccess.thecvf.com/content/WACV2022/html/Ghoddoosian_Hierarchical_Modeling_for_Task_Recognition_and_Action_Segmentation_in_Weakly-Labeled_WACV_2022_paper.html""]",2026-07-28,,False,
2022-wacv-sscap-self-supervised-co-occurrence,SSCAP: Self-Supervised Co-Occurrence Action Parsing for Unsupervised Temporal Action Segmentation,"[""Zhe Wang"", ""Hao Chen"", ""Xinyu Li"", ""Chunhui Liu"", ""Yuanjun Xiong"", ""Joseph Tighe"", ""Charless Fowlkes""]",2022,WACV,Top-Vision,conference,https://openaccess.thecvf.com/content/WACV2022/html/Wang_SSCAP_Self-Supervised_Co-Occurrence_Action_Parsing_for_Unsupervised_Temporal_Action_Segmentation_WACV_2022_paper.html,https://openaccess.thecvf.com/content/WACV2022/papers/Wang_SSCAP_Self-Supervised_Co-Occurrence_Action_Parsing_for_Unsupervised_Temporal_Action_Segmentation_WACV_2022_paper.pdf,https://arxiv.org/abs/2105.14158,,,,"Temporal action segmentation is a task to classify each frame in the video with an action label. However, it is quite expensive to annotate every frame in a large corpus of videos to construct a comprehensive supervised training dataset. Thus in this work we propose an unsupervised method, namely SSCAP, that operates on a corpus of unlabeled videos and predicts a likely set of temporal segments across the videos. SSCAP leverages Self-Supervised learning to extract distinguishable features and then applies a novel Co-occurrence Action Parsing algorithm to not only capture the correlation among sub-actions underlying the structure of activities, but also estimate the temporal path of the sub-actions in an accurate and general way. We evaluate on both classic datasets (Breakfast, 50Salads) and the emerging fine-grained action dataset (FineGym) with more complex activity structures and similar sub-actions. Results show that SSCAP achieves state-of-the-art performance on all datasets and can even outperform some weakly-supervised approaches, demonstrating its effectiveness and generalizability.","[""temporal action segmentation""]","[""Temporal Action Segmentation""]","[""weakly-supervised""]","[""I3D-features""]","[""offline"", ""long-video""]","[""unknown""]",unknown,"[""Breakfast"", ""50Salads""]","[""Edit"", ""F1@10"", ""F1@25"", ""F1@50"", ""frame accuracy""]",[],"[""See the original paper for scope and assumptions.""]",The paper predicts temporally dense action labels or contiguous semantic action segments and evaluates temporal segmentation.,True,True,library/pdfs/2022_WACV_Wang_sscap_self_supervised_co_occurrence_action_parsing_for.pdf,972caa78f3fd09af0287654152d0bae6fe195b24d9446c84be956516a1d41a91,True,"[""https://openaccess.thecvf.com/content/WACV2022/html/Wang_SSCAP_Self-Supervised_Co-Occurrence_Action_Parsing_for_Unsupervised_Temporal_Action_Segmentation_WACV_2022_paper.html""]",2026-07-28,,False,
2021-bmvc-asformer-transformer,ASFormer: Transformer for Action Segmentation,"[""Fangqiu Yi"", ""Hongyu Wen"", ""Tingting Jiang""]",2021,BMVC,Top-Vision,conference,https://www.bmvc2021-virtualconference.com/conference/papers/paper_0578.html,https://www.bmvc2021-virtualconference.com/assets/papers/0578.pdf,https://arxiv.org/abs/2110.08568,,https://github.com/ChinaYi/ASFormer,,unknown,"[""temporal action segmentation""]","[""Temporal Action Segmentation""]","[""fully-supervised""]","[""unknown""]","[""offline"", ""long-video""]","[""Transformer""]",unknown,[],"[""Edit"", ""F1@10"", ""F1@25"", ""F1@50"", ""frame accuracy""]",[],"[""See the original paper for scope and assumptions.""]",The paper predicts temporally dense action labels or contiguous semantic action segments and evaluates temporal segmentation.,True,False,,,True,"[""https://www.bmvc2021-virtualconference.com/conference/papers/paper_0578.html""]",2026-07-28,,False,
2021-cvpr-shuffle-alternating-learning-unsupervised,Action Shuffle Alternating Learning for Unsupervised Action Segmentation,"[""Jun Li"", ""Sinisa Todorovic""]",2021,CVPR,CCF-A,conference,https://openaccess.thecvf.com/content/CVPR2021/html/Li_Action_Shuffle_Alternating_Learning_for_Unsupervised_Action_Segmentation_CVPR_2021_paper.html,https://openaccess.thecvf.com/content/CVPR2021/papers/Li_Action_Shuffle_Alternating_Learning_for_Unsupervised_Action_Segmentation_CVPR_2021_paper.pdf,,,,,"This paper addresses unsupervised action segmentation. Prior work captures the frame-level temporal structure of videos by a feature embedding that encodes time locations of frames in the video. We advance prior work with a new self-supervised learning (SSL) of a feature embedding that accounts for both frame- and action-level structure of videos. Our SSL trains an RNN to recognize positive and negative action sequences, and the RNN's hidden layer is taken as our new action-level feature embedding. The positive and negative sequences consist of action segments sampled from videos, where in the former the sampled action segments respect their time ordering in the video, and in the latter they are shuffled. As supervision of actions is not available and our SSL requires access to action segments, we specify an HMM that explicitly models action lengths, and infer a MAP action segmentation with the Viterbi algorithm. The resulting action segmentation is used as pseudo-ground truth for estimating our action-level feature embedding and updating the HMM. We alternate the above steps within the Generalized EM framework, which ensures convergence. Our evaluation on the Breakfast, YouTube Instructions, and 50Salads datasets gives superior results to those of the state of the art.","[""temporal action segmentation""]","[""Temporal Action Segmentation""]","[""self-supervised""]","[""I3D-features""]","[""offline"", ""long-video""]","[""structured-decoding""]",unknown,"[""Breakfast"", ""50Salads""]","[""Edit"", ""F1@10"", ""F1@25"", ""F1@50"", ""frame accuracy""]",[],"[""See the original paper for scope and assumptions.""]",The paper predicts temporally dense action labels or contiguous semantic action segments and evaluates temporal segmentation.,True,True,library/pdfs/2021_CVPR_Li_action_shuffle_alternating_learning_for_unsupervised_ac.pdf,3407c2de8e8fe4b512b3f4195cf48413cd0208f50ffa3d9dc01abf23add970c9,True,"[""https://openaccess.thecvf.com/content/CVPR2021/html/Li_Action_Shuffle_Alternating_Learning_for_Unsupervised_Action_Segmentation_CVPR_2021_paper.html""]",2026-07-28,,False,
2021-cvpr-anchor-constrained-viterbi-set-supervised,Anchor-Constrained Viterbi for Set-Supervised Action Segmentation,"[""Jun Li"", ""Sinisa Todorovic""]",2021,CVPR,CCF-A,conference,https://openaccess.thecvf.com/content/CVPR2021/html/Li_Anchor-Constrained_Viterbi_for_Set-Supervised_Action_Segmentation_CVPR_2021_paper.html,https://openaccess.thecvf.com/content/CVPR2021/papers/Li_Anchor-Constrained_Viterbi_for_Set-Supervised_Action_Segmentation_CVPR_2021_paper.pdf,,,,,"This paper is about action segmentation under weak supervision in training, where the ground truth provides only a set of actions present, but neither their temporal ordering nor when they occur in a training video. We use a Hidden Markov Model (HMM) grounded on a multilayer perceptron (MLP) to label video frames, and thus generate a pseudo-ground truth for the subsequent pseudo-supervised training. In testing, a Monte Carlo sampling of action sets seen in training is used to generate candidate temporal sequences of actions, and select the maximum posterior sequence. Our key contribution is a new anchor-constrained Viterbi algorithm (ACV) for generating the pseudo-ground truth, where anchors are salient action parts estimated for each action from a given ground-truth set. Our evaluation on the tasks of action segmentation and alignment on the benchmark Breakfast, MPII Cooking2, Hollywood Extended datasets demonstrates our superior performance relative to that of prior work.","[""temporal action segmentation""]","[""Temporal Action Segmentation""]","[""fully-supervised""]","[""I3D-features"", ""IMU""]","[""offline"", ""long-video""]","[""structured-decoding""]",unknown,"[""Breakfast""]","[""Edit"", ""F1@10"", ""F1@25"", ""F1@50"", ""frame accuracy""]",[],"[""See the original paper for scope and assumptions.""]",The paper predicts temporally dense action labels or contiguous semantic action segments and evaluates temporal segmentation.,True,True,library/pdfs/2021_CVPR_Li_anchor_constrained_viterbi_for_set_supervised_action_se.pdf,b012cc4e18c875414cae21c94c01990f18d3e8b7fabce6bd45a315d21fe89481,True,"[""https://openaccess.thecvf.com/content/CVPR2021/html/Li_Anchor-Constrained_Viterbi_for_Set-Supervised_Action_Segmentation_CVPR_2021_paper.html""]",2026-07-28,,False,
2021-cvpr-global2local-efficient-structure-search,Global2Local: Efficient Structure Search for Video Action Segmentation,"[""Shang-Hua Gao"", ""Qi Han"", ""Zhong-Yu Li"", ""Pai Peng"", ""Liang Wang"", ""Ming-Ming Cheng""]",2021,CVPR,CCF-A,conference,https://openaccess.thecvf.com/content/CVPR2021/html/Gao_Global2Local_Efficient_Structure_Search_for_Video_Action_Segmentation_CVPR_2021_paper.html,https://openaccess.thecvf.com/content/CVPR2021/papers/Gao_Global2Local_Efficient_Structure_Search_for_Video_Action_Segmentation_CVPR_2021_paper.pdf,,,https://github.com/Thinksky5124/G2L,,"Temporal receptive fields of models play an important role in action segmentation. Large receptive fields facilitate the long-term relations among video clips while small receptive fields help capture the local details. Existing methods construct models with hand-designed receptive fields in layers. Can we effectively search for receptive field combinations to replace hand-designed patterns? To answer this question, we propose to find better receptive field combinations through a global-to-local search scheme. Our search scheme exploits both global search to find the coarse combinations and local search to get the refined receptive field combination patterns further. The global search finds possible coarse combinations other than human-designed patterns. On top of the global search, we propose an expectation guided iterative local search scheme to refine combinations effectively. Our global-to-local search can be plugged into existing action segmentation methods to achieve state-of-the-art performance. The source code is publicly available on http://mmcheng.net/g2lsearch.","[""temporal action segmentation""]","[""Temporal Action Segmentation""]","[""fully-supervised""]","[""I3D-features""]","[""offline"", ""long-video""]","[""unknown""]",unknown,[],"[""Edit"", ""F1@10"", ""F1@25"", ""F1@50"", ""frame accuracy""]",[],"[""See the original paper for scope and assumptions.""]",The paper predicts temporally dense action labels or contiguous semantic action segments and evaluates temporal segmentation.,True,True,library/pdfs/2021_CVPR_Gao_global2local_efficient_structure_search_for_video_actio.pdf,fe24b3d9b4d133413dac89a1e021829e53cf5fad7e4236e83a54ca60893bb83c,True,"[""https://openaccess.thecvf.com/content/CVPR2021/html/Gao_Global2Local_Efficient_Structure_Search_for_Video_Action_Segmentation_CVPR_2021_paper.html""]",2026-07-28,,False,
2021-cvpr-learning-discriminative-prototypes-dynamic-time,Learning Discriminative Prototypes With Dynamic Time Warping,"[""Xiaobin Chang"", ""Frederick Tung"", ""Greg Mori""]",2021,CVPR,CCF-A,conference,https://openaccess.thecvf.com/content/CVPR2021/html/Chang_Learning_Discriminative_Prototypes_With_Dynamic_Time_Warping_CVPR_2021_paper.html,https://openaccess.thecvf.com/content/CVPR2021/papers/Chang_Learning_Discriminative_Prototypes_With_Dynamic_Time_Warping_CVPR_2021_paper.pdf,,,,,"Dynamic Time Warping (DTW) is widely used for temporal data processing. However, existing methods can neither learn the discriminative prototypes of different classes nor exploit such prototypes for further analysis. We propose Discriminative Prototype DTW (DP-DTW), a novel method to learn class-specific discriminative prototypes for temporal recognition tasks. DP-DTW shows superior performance compared to conventional DTWs on time series classification benchmarks. Combined with end-to-end deep learning, DP-DTW can handle challenging weakly supervised action segmentation problems and achieves state of the art results on standard benchmarks. Moreover, detailed reasoning on the input video is enabled by the learned action prototypes. Specifically, an action-based video summarization can be obtained by aligning the input sequence with action prototypes.","[""temporal action segmentation""]","[""Temporal Action Segmentation""]","[""weakly-supervised""]","[""I3D-features""]","[""offline"", ""long-video""]","[""prototype-learning""]",unknown,[],"[""Edit"", ""F1@10"", ""F1@25"", ""F1@50"", ""frame accuracy""]",[],"[""See the original paper for scope and assumptions.""]",The paper predicts temporally dense action labels or contiguous semantic action segments and evaluates temporal segmentation.,True,True,library/pdfs/2021_CVPR_Chang_learning_discriminative_prototypes_with_dynamic_time_wa.pdf,c92661bd7359fd05124dc1a611c691ac35523dcabf50b466f9d64b32159c6142,True,"[""https://openaccess.thecvf.com/content/CVPR2021/html/Chang_Learning_Discriminative_Prototypes_With_Dynamic_Time_Warping_CVPR_2021_paper.html""]",2026-07-28,,False,
2021-cvpr-timestamp-supervision,Temporal Action Segmentation From Timestamp Supervision,"[""Zhe Li"", ""Yazan Abu Farha"", ""Jurgen Gall""]",2021,CVPR,CCF-A,conference,https://openaccess.thecvf.com/content/CVPR2021/html/Li_Temporal_Action_Segmentation_From_Timestamp_Supervision_CVPR_2021_paper.html,https://openaccess.thecvf.com/content/CVPR2021/papers/Li_Temporal_Action_Segmentation_From_Timestamp_Supervision_CVPR_2021_paper.pdf,https://arxiv.org/abs/2103.06669,,,,"Temporal action segmentation approaches have been very successful recently. However, annotating videos with frame-wise labels to train such models is very expensive and time consuming. While weakly supervised methods trained using only ordered action lists require less annotation effort, the performance is still worse than fully supervised approaches. In this paper, we propose to use timestamp supervision for the temporal action segmentation task. Timestamps require a comparable annotation effort to weakly supervised approaches, and yet provide a more supervisory signal. To demonstrate the effectiveness of timestamp supervision, we propose an approach to train a segmentation model using only timestamps annotations. Our approach uses the model output and the annotated timestamps to generate frame-wise labels by detecting the action changes. We further introduce a confidence loss that forces the predicted probabilities to monotonically decrease as the distance to the timestamps increases. This ensures that all and not only the most distinctive frames of an action are learned during training. The evaluation on four datasets shows that models trained with timestamps annotations achieve comparable performance to the fully supervised approaches.","[""temporal action segmentation""]","[""Temporal Action Segmentation""]","[""timestamp-supervised""]","[""I3D-features""]","[""offline"", ""long-video""]","[""unknown""]",unknown,[],"[""Edit"", ""F1@10"", ""F1@25"", ""F1@50"", ""frame accuracy""]",[],"[""See the original paper for scope and assumptions.""]",The paper predicts temporally dense action labels or contiguous semantic action segments and evaluates temporal segmentation.,True,True,library/pdfs/2021_CVPR_Li_temporal_action_segmentation_from_timestamp_supervision.pdf,832bd0a3380c6117848766e0ae5acf548e1af1b80324a24f4f52ad1f74a4cac9,True,"[""https://openaccess.thecvf.com/content/CVPR2021/html/Li_Temporal_Action_Segmentation_From_Timestamp_Supervision_CVPR_2021_paper.html""]",2026-07-28,,False,
2021-cvpr-temporally-weighted-hierarchical-clustering-unsupervised,Temporally-Weighted Hierarchical Clustering for Unsupervised Action Segmentation,"[""Saquib Sarfraz"", ""Naila Murray"", ""Vivek Sharma"", ""Ali Diba"", ""Luc Van Gool"", ""Rainer Stiefelhagen""]",2021,CVPR,CCF-A,conference,https://openaccess.thecvf.com/content/CVPR2021/html/Sarfraz_Temporally-Weighted_Hierarchical_Clustering_for_Unsupervised_Action_Segmentation_CVPR_2021_paper.html,https://openaccess.thecvf.com/content/CVPR2021/papers/Sarfraz_Temporally-Weighted_Hierarchical_Clustering_for_Unsupervised_Action_Segmentation_CVPR_2021_paper.pdf,,,,,"Action segmentation refers to inferring boundaries of semantically consistent visual concepts in videos and is an important requirement for many video understanding tasks. For this and other video understanding tasks, supervised approaches have achieved encouraging performance but require a high volume of detailed, frame-level, annotations. We present a fully automatic and unsupervised approach for segmenting actions in a video that does not require any training. Our proposal is an effective temporally-weighted hierarchical clustering algorithm that can group semantically consistent frames of the video. The main finding is that representing a video with a 1-nearest neighbor graph by taking into account the time progression is sufficient to form semantically and temporally consistent clusters of frames where each cluster may represent some action in the video. Additionally, we establish strong unsupervised baselines for action segmentation and show significant performance improvements over published unsupervised methods on five challenging action segmentation datasets. Our code is available at https://github.com/ssarfraz/FINCH-Clustering/tree/master/TW-FINCH","[""temporal action segmentation""]","[""Temporal Action Segmentation""]","[""unsupervised""]","[""I3D-features""]","[""offline"", ""long-video""]","[""clustering""]",unknown,[],"[""Edit"", ""F1@10"", ""F1@25"", ""F1@50"", ""frame accuracy""]",[],"[""See the original paper for scope and assumptions.""]",The paper predicts temporally dense action labels or contiguous semantic action segments and evaluates temporal segmentation.,True,True,library/pdfs/2021_CVPR_Sarfraz_temporally_weighted_hierarchical_clustering_for_unsuper.pdf,349e71c70e55c961537a9fbb8cf413bcbbe402896c783c0140388bd5fa8b1201,True,"[""https://openaccess.thecvf.com/content/CVPR2021/html/Sarfraz_Temporally-Weighted_Hierarchical_Clustering_for_Unsupervised_Action_Segmentation_CVPR_2021_paper.html""]",2026-07-28,,False,
2021-iccv-refining-hierarchical-representations,Refining Action Segmentation With Hierarchical Video Representations,"[""Hyemin Ahn"", ""Dongheui Lee""]",2021,ICCV,CCF-A,conference,https://openaccess.thecvf.com/content/ICCV2021/html/Ahn_Refining_Action_Segmentation_With_Hierarchical_Video_Representations_ICCV_2021_paper.html,https://openaccess.thecvf.com/content/ICCV2021/papers/Ahn_Refining_Action_Segmentation_With_Hierarchical_Video_Representations_ICCV_2021_paper.pdf,,,,,"In this paper, we propose Hierarchical Action Segmentation Refiner (HASR), which can refine temporal action segmentation results from various models by understanding the overall context of a given video in a hierarchical way. When a backbone model for action segmentation estimates how the given video can be segmented, our model extracts segment-level representations based on frame-level features, and extracts a video-level representation based on the segment-level representations. Based on these hierarchical representations, our model can refer to the overall context of the entire video, and predict how the segment labels that are out of context should be corrected. Our HASR can be plugged into various action segmentation models (MS-TCN, SSTDA, ASRF), and improve the performance of state-of-the-art models based on three challenging datasets (GTEA, 50Salads, and Breakfast). For example, in 50Salads dataset, the segmental edit score improves from 67.9% to 77.4% (MS-TCN), from 75.8% to 77.3% (SSTDA), from 79.3% to 81.0% (ASRF). In addition, our model can refine the segmentation result from the unseen backbone model, which was not referred to when training HASR. This generalization performance would make HASR be an effective tool for boosting up the existing approaches for temporal action segmentation. Our code is available at https://github.com/cotton-ahn/HASR_iccv2021.","[""temporal action segmentation""]","[""Temporal Action Segmentation""]","[""fully-supervised""]","[""I3D-features""]","[""offline"", ""long-video""]","[""unknown""]",unknown,"[""Breakfast"", ""50Salads"", ""GTEA""]","[""Edit"", ""F1@10"", ""F1@25"", ""F1@50"", ""frame accuracy""]",[],"[""See the original paper for scope and assumptions.""]",The paper predicts temporally dense action labels or contiguous semantic action segments and evaluates temporal segmentation.,True,True,library/pdfs/2021_ICCV_Ahn_refining_action_segmentation_with_hierarchical_video_re.pdf,b22033735cdaafbb67fd6a791c2243eb4dcd83111892fe861ec91f7c678d9203,True,"[""https://openaccess.thecvf.com/content/ICCV2021/html/Ahn_Refining_Action_Segmentation_With_Hierarchical_Video_Representations_ICCV_2021_paper.html""]",2026-07-28,,False,
2021-iccv-weakly-supervised-alignment-transcript-aware,Weakly-Supervised Action Segmentation and Alignment via Transcript-Aware Union-of-Subspaces Learning,"[""Zijia Lu"", ""Ehsan Elhamifar""]",2021,ICCV,CCF-A,conference,https://openaccess.thecvf.com/content/ICCV2021/html/Lu_Weakly-Supervised_Action_Segmentation_and_Alignment_via_Transcript-Aware_Union-of-Subspaces_Learning_ICCV_2021_paper.html,https://openaccess.thecvf.com/content/ICCV2021/papers/Lu_Weakly-Supervised_Action_Segmentation_and_Alignment_via_Transcript-Aware_Union-of-Subspaces_Learning_ICCV_2021_paper.pdf,,,,,"We address the problem of learning to segment actions from weakly-annotated videos, i.e., videos accompanied by transcripts (ordered list of actions). We propose a framework in which we model actions with a union of low-dimensional subspaces, learn the subspaces using transcripts and refine video features that lend themselves to action subspaces. To do so, we design an architecture consisting of a Union-of-Subspace Network, which is an ensemble of autoencoders, each modeling a low-dimensional action subspace and can capture variations of an action within and across videos. For learning, at each iteration, we generate positive and negative soft alignment matrices using the segmentations from the previous iteration, which we use for discriminative training of our model. To regularize the learning, we introduce a constraint loss that prevents imbalanced segmentations and enforces relatively similar duration of each action across videos. To have a real-time inference, we develop a hierarchical segmentation framework that uses subset selection to find representative transcripts and hierarchically align a test video with increasingly refined representative transcripts. Our experiments on three datasets show that our method improves the state-of-the-art action segmentation and alignment, while speeding up the inference time by a factor of 4 to 13.","[""temporal action segmentation""]","[""Temporal Action Segmentation""]","[""weakly-supervised""]","[""I3D-features""]","[""offline"", ""long-video""]","[""duration-modeling""]",unknown,[],"[""Edit"", ""F1@10"", ""F1@25"", ""F1@50"", ""frame accuracy""]",[],"[""See the original paper for scope and assumptions.""]",The paper predicts temporally dense action labels or contiguous semantic action segments and evaluates temporal segmentation.,True,True,library/pdfs/2021_ICCV_Lu_weakly_supervised_action_segmentation_and_alignment_via.pdf,5978c9dd5f6a68844c73e5a6360140bc34fe52bc5f035b6838b5710704eb6439,True,"[""https://openaccess.thecvf.com/content/ICCV2021/html/Lu_Weakly-Supervised_Action_Segmentation_and_Alignment_via_Transcript-Aware_Union-of-Subspaces_Learning_ICCV_2021_paper.html""]",2026-07-28,,False,
2021-preprint-coarse-fine-multi-resolution-convolutional,Coarse to Fine Multi-Resolution Temporal Convolutional Network,"[""Dipika Singhania"", ""Rahul Rahaman"", ""Angela Yao""]",2021,Preprint,Preprint,preprint,,https://arxiv.org/pdf/2105.10859,https://arxiv.org/abs/2105.10859,,,,unknown,"[""temporal action segmentation""]","[""Temporal Action Segmentation""]","[""fully-supervised""]","[""unknown""]","[""offline"", ""long-video""]","[""TCN""]",unknown,[],"[""Edit"", ""F1@10"", ""F1@25"", ""F1@50"", ""frame accuracy""]",[],"[""See the original paper for scope and assumptions.""]",The paper predicts temporally dense action labels or contiguous semantic action segments and evaluates temporal segmentation.,True,True,library/pdfs/2021_Preprint_Singhania_coarse_to_fine_multi_resolution_temporal_convolutional.pdf,12c50019c9a3546654123347a78f0218433a98161a50c69741ca7ddadff94f89,False,"[""https://arxiv.org/abs/2105.10859""]",2026-07-28,arXiv 2105.10859; first submitted 2021-05-23; last update 2021-05-23; no formal proceedings placement verified by 2026-07-28.,True,No formal conference proceedings placement verified.
2021-preprint-fifa-fast-inference-approximation,FIFA: Fast Inference Approximation for Action Segmentation,"[""Yaser Souri"", ""Yazan Abu Farha"", ""Fabien Despinoy"", ""Gianpiero Francesca"", ""Juergen Gall""]",2021,Preprint,Preprint,preprint,,https://arxiv.org/pdf/2108.03894,https://arxiv.org/abs/2108.03894,,,,"We introduce FIFA, a fast approximate inference method for action segmentation and alignment. Unlike previous approaches, FIFA does not rely on expensive dynamic programming for inference. Instead, it uses an approximate differentiable energy function that can be minimized using gradient-descent. FIFA is a general approach that can replace exact inference improving its speed by more than 5 times while maintaining its performance. FIFA is an anytime inference algorithm that provides a better speed vs. accuracy trade-off compared to exact inference. We apply FIFA on top of state-of-the-art approaches for weakly supervised action segmentation and alignment as well as fully supervised action segmentation. FIFA achieves state-of-the-art results on most metrics on two action segmentation datasets.","[""temporal action segmentation""]","[""Temporal Action Segmentation""]","[""weakly-supervised""]","[""unknown""]","[""offline"", ""long-video""]","[""unknown""]",unknown,[],"[""Edit"", ""F1@10"", ""F1@25"", ""F1@50"", ""frame accuracy""]",[],"[""See the original paper for scope and assumptions.""]",The paper predicts temporally dense action labels or contiguous semantic action segments and evaluates temporal segmentation.,True,True,library/pdfs/2021_Preprint_Souri_fifa_fast_inference_approximation_for_action_segmentati.pdf,b6773709a213ca54e3d0853a5e9ced7feb93b20b0a3b5810a4496c56e2f12621,False,"[""https://arxiv.org/abs/2108.03894""]",2026-07-28,arXiv 2108.03894; first submitted 2021-08-09; last updated 2021-08-09; comment=none; journal_ref=none. No formal conference proceedings placement has been verified.,True,Direct TAS arXiv hit; formal publication status requires first-party proceedings verification.
2021-preprint-high-level-complex-activity-labels,Temporal Action Segmentation with High-level Complex Activity Labels,"[""Guodong Ding"", ""Angela Yao""]",2021,Preprint,Preprint,preprint,,https://arxiv.org/pdf/2108.06706,https://arxiv.org/abs/2108.06706,,,,"The temporal action segmentation task segments videos temporally and predicts action labels for all frames. Fully supervising such a segmentation model requires dense frame-wise action annotations, which are expensive and tedious to collect. This work is the first to propose a Constituent Action Discovery (CAD) framework that only requires the video-wise high-level complex activity label as supervision for temporal action segmentation. The proposed approach automatically discovers constituent video actions using an activity classification task. Specifically, we define a finite number of latent action prototypes to construct video-level dual representations with which these prototypes are learned collectively through the activity classification training. This setting endows our approach with the capability to discover potentially shared actions across multiple complex activities. Due to the lack of action-level supervision, we adopt the Hungarian matching algorithm to relate latent action prototypes to ground truth semantic classes for evaluation. We show that with the high-level supervision, the Hungarian matching can be extended from the existing video and activity levels to the global level. The global-level matching allows for action sharing across activities, which has never been considered in the literature before. Extensive experiments demonstrate that our discovered actions can help perform temporal action segmentation and activity recognition tasks.","[""temporal action segmentation""]","[""Temporal Action Segmentation""]","[""fully-supervised""]","[""unknown""]","[""offline"", ""long-video""]","[""prototype-learning""]",unknown,[],"[""Edit"", ""F1@10"", ""F1@25"", ""F1@50"", ""frame accuracy""]",[],"[""See the original paper for scope and assumptions.""]",The paper predicts temporally dense action labels or contiguous semantic action segments and evaluates temporal segmentation.,True,True,library/pdfs/2021_Preprint_Ding_temporal_action_segmentation_with_high_level_complex_ac.pdf,5439634a15d6f17fdd40c3887b1513fd6ecec28ee8471a68f20f70dddfb3415a,False,"[""https://arxiv.org/abs/2108.06706""]",2026-07-28,"arXiv 2108.06706; first submitted 2021-08-15; last updated 2022-12-17; comment=12 pages, 6 figures; journal_ref=none. No formal conference proceedings placement has been verified.",True,Direct TAS arXiv hit; formal publication status requires first-party proceedings verification.
2021-preprint-unsupervised-instructional-videos,Unsupervised Action Segmentation for Instructional Videos,"[""AJ Piergiovanni"", ""Anelia Angelova"", ""Michael S. Ryoo"", ""Irfan Essa""]",2021,Preprint,Preprint,preprint,,https://arxiv.org/pdf/2106.03738,https://arxiv.org/abs/2106.03738,,,,"In this paper we address the problem of automatically discovering atomic actions in unsupervised manner from instructional videos, which are rarely annotated with atomic actions. We present an unsupervised approach to learn atomic actions of structured human tasks from a variety of instructional videos based on a sequential stochastic autoregressive model for temporal segmentation of videos. This learns to represent and discover the sequential relationship between different atomic actions of the task, and which provides automatic and unsupervised self-labeling.","[""temporal action segmentation""]","[""Temporal Action Segmentation""]","[""unsupervised""]","[""unknown""]","[""offline"", ""long-video""]","[""unknown""]",unknown,[],"[""Edit"", ""F1@10"", ""F1@25"", ""F1@50"", ""frame accuracy""]",[],"[""See the original paper for scope and assumptions.""]",The paper predicts temporally dense action labels or contiguous semantic action segments and evaluates temporal segmentation.,True,True,library/pdfs/2021_Preprint_Piergiovanni_unsupervised_action_segmentation_for_instructional_vide.pdf,2b9ca6452e6b27aa4aaa46ec55a560a6c9c77395f24de08b9bd69eba61f10319,False,"[""https://arxiv.org/abs/2106.03738""]",2026-07-28,arXiv 2106.03738; first submitted 2021-06-07; last updated 2021-06-07; comment=4 page abstract for LUV workshop; journal_ref=none. No formal conference proceedings placement has been verified.,True,Direct TAS arXiv hit; formal publication status requires first-party proceedings verification.
2021-wacv-joint-visual-embedding-unsupervised-learning,Joint Visual-Temporal Embedding for Unsupervised Learning of Actions in Untrimmed Sequences,"[""Rosaura G. VidalMata"", ""Walter J. Scheirer"", ""Anna Kukleva"", ""David Cox"", ""Hilde Kuehne""]",2021,WACV,Top-Vision,conference,https://openaccess.thecvf.com/content/WACV2021/html/VidalMata_Joint_Visual-Temporal_Embedding_for_Unsupervised_Learning_of_Actions_in_Untrimmed_WACV_2021_paper.html,https://openaccess.thecvf.com/content/WACV2021/papers/VidalMata_Joint_Visual-Temporal_Embedding_for_Unsupervised_Learning_of_Actions_in_Untrimmed_WACV_2021_paper.pdf,,,,,"Understanding the structure of complex activities in untrimmed videos is a challenging task in the area of action recognition. One problem here is that this task usually requires a large amount of hand-annotated minute- or even hour-long video data, but annotating such data is very time consuming and can not easily be automated or scaled. To address this problem, this paper proposes an approach for the unsupervised learning of actions in untrimmed video sequences based on a joint visual-temporal embedding space. To this end, we combine a visual embedding based on a predictive U-Net architecture with a temporal continuous function. The resulting representation space allows detecting relevant action clusters based on their visual as well as their temporal appearance. The proposed method is evaluated on three standard benchmark datasets, Breakfast Actions, INRIA YouTube Instructional Videos, and 50 Salads. We show that the proposed approach is able to provide a meaningful visual and temporal embedding out of the visual cues present in contiguous video frames and is suitable for the task of unsupervised temporal segmentation of actions.","[""temporal action segmentation""]","[""Temporal Action Segmentation""]","[""unsupervised""]","[""I3D-features""]","[""offline"", ""long-video""]","[""unknown""]",unknown,"[""Breakfast""]","[""Edit"", ""F1@10"", ""F1@25"", ""F1@50"", ""frame accuracy""]",[],"[""See the original paper for scope and assumptions.""]",The paper predicts temporally dense action labels or contiguous semantic action segments and evaluates temporal segmentation.,True,True,library/pdfs/2021_WACV_Vidalmata_joint_visual_temporal_embedding_for_unsupervised_learni.pdf,5da394edbb68d16ff63200fb09bf27adcb259bfcd12cd3f65811f616775babe5,True,"[""https://openaccess.thecvf.com/content/WACV2021/html/VidalMata_Joint_Visual-Temporal_Embedding_for_Unsupervised_Learning_of_Actions_in_Untrimmed_WACV_2021_paper.html""]",2026-07-28,,False,
2020-cvpr-joint-self-supervised-domain-adaptation,Action Segmentation With Joint Self-Supervised Temporal Domain Adaptation,"[""Min-Hung Chen"", ""Baopu Li"", ""Yingze Bao"", ""Ghassan AlRegib"", ""Zsolt Kira""]",2020,CVPR,CCF-A,conference,https://openaccess.thecvf.com/content_CVPR_2020/html/Chen_Action_Segmentation_With_Joint_Self-Supervised_Temporal_Domain_Adaptation_CVPR_2020_paper.html,https://openaccess.thecvf.com/content_CVPR_2020/papers/Chen_Action_Segmentation_With_Joint_Self-Supervised_Temporal_Domain_Adaptation_CVPR_2020_paper.pdf,,,,,"Despite the recent progress of fully-supervised action segmentation techniques, the performance is still not fully satisfactory. One main challenge is the problem of spatiotemporal variations (e.g. different people may perform the same activity in various ways). Therefore, we exploit unlabeled videos to address this problem by reformulating the action segmentation task as a cross-domain problem with domain discrepancy caused by spatio-temporal variations. To reduce the discrepancy, we propose SelfSupervised Temporal Domain Adaptation (SSTDA), which contains two self-supervised auxiliary tasks (binary and sequential domain prediction) to jointly align cross-domain feature spaces embedded with local and global temporal dynamics, achieving better performance than other Domain Adaptation (DA) approaches. On three challenging benchmark datasets (GTEA, 50Salads, and Breakfast), SSTDA outperforms the current state-of-the-art method by large margins (e.g. for the F1@25 score, from 59.6% to 69.1% on Breakfast, from 73.4% to 81.5% on 50Salads, and from 83.6% to 89.1% on GTEA), and requires only 65% of the labeled training data for comparable performance, demonstrating the usefulness of adapting to unlabeled target videos across variations. The source code is available at https://github.com/cmhungsteve/SSTDA.","[""temporal action segmentation""]","[""Temporal Action Segmentation""]","[""self-supervised""]","[""I3D-features""]","[""offline"", ""long-video""]","[""unknown""]",unknown,"[""Breakfast"", ""50Salads"", ""GTEA""]","[""Edit"", ""F1@10"", ""F1@25"", ""F1@50"", ""frame accuracy""]",[],"[""See the original paper for scope and assumptions.""]",The paper predicts temporally dense action labels or contiguous semantic action segments and evaluates temporal segmentation.,True,True,library/pdfs/2020_CVPR_Chen_action_segmentation_with_joint_self_supervised_temporal.pdf,5b55e23da0e531bd5a51aee27bfc3ddb12cbb9da12861672fe6290160935d324,True,"[""https://openaccess.thecvf.com/content_CVPR_2020/html/Chen_Action_Segmentation_With_Joint_Self-Supervised_Temporal_Domain_Adaptation_CVPR_2020_paper.html""]",2026-07-28,,False,
2020-cvpr-improving-graph-based-reasoning,Improving Action Segmentation via Graph-Based Temporal Reasoning,"[""Yifei Huang"", ""Yusuke Sugano"", ""Yoichi Sato""]",2020,CVPR,CCF-A,conference,https://openaccess.thecvf.com/content_CVPR_2020/html/Huang_Improving_Action_Segmentation_via_Graph-Based_Temporal_Reasoning_CVPR_2020_paper.html,https://openaccess.thecvf.com/content_CVPR_2020/papers/Huang_Improving_Action_Segmentation_via_Graph-Based_Temporal_Reasoning_CVPR_2020_paper.pdf,,,,,"Temporal relations among multiple action segments play an important role in action segmentation especially when observations are limited (e.g., actions are occluded by other objects or happen outside a field of view). In this paper, we propose a network module called Graph-based Temporal Reasoning Module (GTRM) that can be built on top of existing action segmentation models to learn the relation of multiple action segments in various time spans. We model the relations by using two Graph Convolution Networks (GCNs) where each node represents an action segment. The two graphs have different edge properties to account for boundary regression and classification tasks, respectively. By applying graph convolution, we can update each node's representation based on its relation with neighboring nodes. The updated representation is then used for improved action segmentation. We evaluate our model on the challenging egocentric datasets namely EGTEA and EPIC-Kitchens, where actions may be partially observed due to the viewpoint restriction. The results show that our proposed GTRM outperforms state-of-the-art action segmentation models by a large margin. We also demonstrate the effectiveness of our model on two third-person video datasets, the 50Salads dataset and the Breakfast dataset.","[""temporal action segmentation""]","[""Temporal Action Segmentation""]","[""fully-supervised""]","[""I3D-features""]","[""egocentric"", ""long-video"", ""offline""]","[""boundary-modeling""]",unknown,"[""Breakfast"", ""50Salads"", ""GTEA""]","[""Edit"", ""F1@10"", ""F1@25"", ""F1@50"", ""frame accuracy""]",[],"[""See the original paper for scope and assumptions.""]",The paper predicts temporally dense action labels or contiguous semantic action segments and evaluates temporal segmentation.,True,True,library/pdfs/2020_CVPR_Huang_improving_action_segmentation_via_graph_based_temporal.pdf,d813f10ee1e69223c9f21e95ddb732e3d8df18628016612d0f7bddc1f7785890,True,"[""https://openaccess.thecvf.com/content_CVPR_2020/html/Huang_Improving_Action_Segmentation_via_Graph-Based_Temporal_Reasoning_CVPR_2020_paper.html""]",2026-07-28,,False,
2020-cvpr-sct-set-constrained-transformer-set,SCT: Set Constrained Temporal Transformer for Set Supervised Action Segmentation,"[""Mohsen Fayyaz"", ""Jurgen Gall""]",2020,CVPR,CCF-A,conference,https://openaccess.thecvf.com/content_CVPR_2020/html/Fayyaz_SCT_Set_Constrained_Temporal_Transformer_for_Set_Supervised_Action_Segmentation_CVPR_2020_paper.html,https://openaccess.thecvf.com/content_CVPR_2020/papers/Fayyaz_SCT_Set_Constrained_Temporal_Transformer_for_Set_Supervised_Action_Segmentation_CVPR_2020_paper.pdf,https://arxiv.org/abs/2003.14266,,,,"Temporal action segmentation is a topic of increasing interest, however, annotating each frame in a video is cumbersome and costly. Weakly supervised approaches therefore aim at learning temporal action segmentation from videos that are only weakly labeled. In this work, we assume that for each training video only the list of actions is given that occur in the video, but not when, how often, and in which order they occur. In order to address this task, we propose an approach that can be trained end-to-end on such data. The approach divides the video into smaller temporal regions and predicts for each region the action label and its length. In addition, the network estimates the action labels for each frame. By measuring how consistent the frame-wise predictions are with respect to the temporal regions and the annotated action labels, the network learns to divide a video into class-consistent regions. We evaluate our approach on three datasets where the approach achieves state-of-the-art results.","[""temporal action segmentation""]","[""Temporal Action Segmentation""]","[""weakly-supervised""]","[""I3D-features""]","[""offline"", ""long-video""]","[""Transformer""]",unknown,[],"[""Edit"", ""F1@10"", ""F1@25"", ""F1@50"", ""frame accuracy""]",[],"[""See the original paper for scope and assumptions.""]",The paper predicts temporally dense action labels or contiguous semantic action segments and evaluates temporal segmentation.,True,True,library/pdfs/2020_CVPR_Fayyaz_sct_set_constrained_temporal_transformer_for_set_superv.pdf,57baf7dd76c505fadf84eef2cda677d9876c6c76890ececf72ca36ff09b27b9a,True,"[""https://openaccess.thecvf.com/content_CVPR_2020/html/Fayyaz_SCT_Set_Constrained_Temporal_Transformer_for_Set_Supervised_Action_Segmentation_CVPR_2020_paper.html""]",2026-07-28,,False,
2020-cvpr-set-constrained-viterbi-set-supervised,Set-Constrained Viterbi for Set-Supervised Action Segmentation,"[""Jun Li"", ""Sinisa Todorovic""]",2020,CVPR,CCF-A,conference,https://openaccess.thecvf.com/content_CVPR_2020/html/Li_Set-Constrained_Viterbi_for_Set-Supervised_Action_Segmentation_CVPR_2020_paper.html,https://openaccess.thecvf.com/content_CVPR_2020/papers/Li_Set-Constrained_Viterbi_for_Set-Supervised_Action_Segmentation_CVPR_2020_paper.pdf,,,,,"This paper is about weakly supervised action segmentation, where the ground truth specifies only a set of actions present in a training video, but not their true temporal ordering. Prior work typically uses a classifier that independently labels video frames for generating the pseudo ground truth, and multiple instance learning for training the classifier. We extend this framework by specifying an HMM, which accounts for co-occurrences of action classes and their temporal lengths, and by explicitly training the HMM on a Viterbi-based loss. Our first contribution is the formulation of a new set-constrained Viterbi algorithm (SCV). Given a video, the SCV generates the MAP action segmentation that satisfies the ground truth. This prediction is used as a framewise pseudo ground truth in our HMM training. Our second contribution in training is a new regularization of feature affinities between training videos that share the same action classes. Evaluation on action segmentation and alignment on the Breakfast, MPII Cooking2, Hollywood Extended datasets demonstrates our significant performance improvement for the two tasks over prior work.","[""temporal action segmentation""]","[""Temporal Action Segmentation""]","[""weakly-supervised""]","[""I3D-features""]","[""offline"", ""long-video""]","[""structured-decoding""]",unknown,"[""Breakfast""]","[""Edit"", ""F1@10"", ""F1@25"", ""F1@50"", ""frame accuracy""]",[],"[""See the original paper for scope and assumptions.""]",The paper predicts temporally dense action labels or contiguous semantic action segments and evaluates temporal segmentation.,True,True,library/pdfs/2020_CVPR_Li_set_constrained_viterbi_for_set_supervised_action_segme.pdf,d7363a9895e45b94ed9a27f46d6861852ae9975b503ea9a6f1a4449edc23e631,True,"[""https://openaccess.thecvf.com/content_CVPR_2020/html/Li_Set-Constrained_Viterbi_for_Set-Supervised_Action_Segmentation_CVPR_2020_paper.html""]",2026-07-28,,False,
2020-eccv-boundary-aware-cascade-networks,Boundary-Aware Cascade Networks for Temporal Action Segmentation,"[""Zhenzhi Wang"", ""Ziteng Gao"", ""Limin Wang"", ""Zhifeng Li"", ""Gangshan Wu""]",2020,ECCV,Top-Vision,conference,https://www.ecva.net/papers/eccv_2020/papers_ECCV/html/35_ECCV_2020_paper.php,https://www.ecva.net/papers/eccv_2020/papers_ECCV/papers/123700035.pdf,,,https://github.com/MCG-NJU/BCN,,unknown,"[""temporal action segmentation""]","[""Temporal Action Segmentation""]","[""fully-supervised""]","[""unknown""]","[""offline"", ""long-video""]","[""boundary-modeling""]",unknown,[],"[""Edit"", ""F1@10"", ""F1@25"", ""F1@50"", ""frame accuracy""]",[],"[""See the original paper for scope and assumptions.""]",The paper predicts temporally dense action labels or contiguous semantic action segments and evaluates temporal segmentation.,True,True,library/pdfs/2020_ECCV_Wang_boundary_aware_cascade_networks_for_temporal_action_seg.pdf,929e1a84850d2ac54ba701a65bd1f5ad058ebb6b76ed9d92490d6673e3b41a85,True,"[""https://www.ecva.net/papers/eccv_2020/papers_ECCV/html/35_ECCV_2020_paper.php""]",2026-07-28,,False,
2020-eccv-fast-weakly-supervised-using-mutual,Fast Weakly Supervised Action Segmentation Using Mutual Consistency,"[""Yaser Souri"", ""Mohsen Fayyaz"", ""Luca Minciullo"", ""Gianpiero Francesca"", ""Juergen Gall""]",2020,ECCV,Top-Vision,conference,https://www.ecva.net/papers/eccv_2020/papers_ECCV/html/1061_ECCV_2020_paper.php,https://www.ecva.net/papers/eccv_2020/papers_ECCV/papers/123570664.pdf,,,https://github.com/yassersouri/MuCon,,unknown,"[""temporal action segmentation""]","[""Temporal Action Segmentation""]","[""weakly-supervised""]","[""unknown""]","[""offline"", ""long-video""]","[""TCN"", ""structured-decoding""]",unknown,[],"[""Edit"", ""F1@10"", ""F1@25"", ""F1@50"", ""frame accuracy""]",[],"[""See the original paper for scope and assumptions.""]",The paper predicts temporally dense action labels or contiguous semantic action segments and evaluates temporal segmentation.,True,True,library/pdfs/2020_ECCV_Souri_fast_weakly_supervised_action_segmentation_using_mutual.pdf,eddf5b314eb6ef34505c4da5f7ed60d97c457324de6530cad7a0b09efe29afd6,True,"[""https://www.ecva.net/papers/eccv_2020/papers_ECCV/html/1061_ECCV_2020_paper.php""]",2026-07-28,,False,
2020-eccv-aggregate-representations-long-range-understanding,Temporal Aggregate Representations for Long-Range Video Understanding,"[""Fadime Sener"", ""Dipika Singhania"", ""Angela Yao""]",2020,ECCV,Top-Vision,conference,https://www.ecva.net/papers/eccv_2020/papers_ECCV/html/154_ECCV_2020_paper.php,https://www.ecva.net/papers/eccv_2020/papers_ECCV/papers/123610154.pdf,,,,,unknown,"[""temporal action segmentation""]","[""Temporal Action Segmentation""]","[""fully-supervised""]","[""unknown""]","[""offline"", ""long-video""]","[""TCN""]",unknown,[],"[""Edit"", ""F1@10"", ""F1@25"", ""F1@50"", ""frame accuracy""]",[],"[""See the original paper for scope and assumptions.""]",The paper predicts temporally dense action labels or contiguous semantic action segments and evaluates temporal segmentation.,True,True,library/pdfs/2020_ECCV_Sener_temporal_aggregate_representations_for_long_range_video.pdf,fade740852183353571785123f783f36aeeb853a576b5949df2adb5944ffe59f,True,"[""https://www.ecva.net/papers/eccv_2020/papers_ECCV/html/154_ECCV_2020_paper.php""]",2026-07-28,,False,
2020-miccai-tecno-surgical-phase-recognition-multi,TeCNO: Surgical Phase Recognition with Multi-Stage Temporal Convolutional Networks,"[""Tobias Czempiel"", ""Magdalini Paschali"", ""Matthias Keicher"", ""Seong Tae Kim"", ""Benjamin Busam"", ""Nassir Navab""]",2020,MICCAI,Medical,conference,https://link.springer.com/chapter/10.1007/978-3-030-59716-0_33,,,,https://github.com/tobiascz/MICCAI2020-TeCNO,,unknown,"[""temporal action segmentation""]","[""Surgical Workflow / Phase Segmentation""]","[""fully-supervised""]","[""unknown""]","[""offline"", ""surgical"", ""long-video""]","[""TCN"", ""multi-stage-TCN""]",unknown,"[""Cholec80""]","[""Edit"", ""F1@10"", ""F1@25"", ""F1@50"", ""frame accuracy""]",[],"[""See the original paper for scope and assumptions.""]",The method assigns a surgical workflow phase to every video frame; it is included in the separate medical extension.,True,False,,,True,"[""https://link.springer.com/chapter/10.1007/978-3-030-59716-0_33""]",2026-07-28,,False,
2020-preprint-hierarchical-attention-network,Hierarchical Attention Network for Action Segmentation,"[""Harshala Gammulle"", ""Simon Denman"", ""Sridha Sridharan"", ""Clinton Fookes""]",2020,Preprint,Preprint,preprint,,https://arxiv.org/pdf/2005.03209,https://arxiv.org/abs/2005.03209,,,,"The temporal segmentation of events is an essential task and a precursor for the automatic recognition of human actions in the video. Several attempts have been made to capture frame-level salient aspects through attention but they lack the capacity to effectively map the temporal relationships in between the frames as they only capture a limited span of temporal dependencies. To this end we propose a complete end-to-end supervised learning approach that can better learn relationships between actions over time, thus improving the overall segmentation performance. The proposed hierarchical recurrent attention framework analyses the input video at multiple temporal scales, to form embeddings at frame level and segment level, and perform fine-grained action segmentation. This generates a simple, lightweight, yet extremely effective architecture for segmenting continuous video streams and has multiple application domains. We evaluate our system on multiple challenging public benchmark datasets, including MERL Shopping, 50 salads, and Georgia Tech Egocentric datasets, and achieves state-of-the-art performance. The evaluated datasets encompass numerous video capture settings which are inclusive of static overhead camera views and dynamic, ego-centric head-mounted camera views, demonstrating the direct applicability of the proposed framework in a variety of settings.","[""temporal action segmentation""]","[""Temporal Action Segmentation""]","[""fully-supervised""]","[""unknown""]","[""egocentric"", ""long-video"", ""offline""]","[""unknown""]",unknown,[],"[""Edit"", ""F1@10"", ""F1@25"", ""F1@50"", ""frame accuracy""]",[],"[""See the original paper for scope and assumptions.""]",The paper predicts temporally dense action labels or contiguous semantic action segments and evaluates temporal segmentation.,True,True,library/pdfs/2020_Preprint_Gammulle_hierarchical_attention_network_for_action_segmentation.pdf,84b8d63ea1d49516cd51a07c732c19856f8156fda2daddf514272a227904127c,False,"[""https://arxiv.org/abs/2005.03209""]",2026-07-28,arXiv 2005.03209; first submitted 2020-05-07; last updated 2020-05-07; comment=Published in Pattern Recognition Letters; journal_ref=none. No formal conference proceedings placement has been verified.,True,Direct TAS arXiv hit; formal publication status requires first-party proceedings verification.
2020-preprint-intra-inter-understanding-parsing,Intra- and Inter-Action Understanding via Temporal Action Parsing,"[""Dian Shao"", ""Yue Zhao"", ""Bo Dai"", ""Dahua Lin""]",2020,Preprint,Preprint,preprint,,https://arxiv.org/pdf/2005.10229,https://arxiv.org/abs/2005.10229,,,,"Current methods for action recognition primarily rely on deep convolutional networks to derive feature embeddings of visual and motion features. While these methods have demonstrated remarkable performance on standard benchmarks, we are still in need of a better understanding as to how the videos, in particular their internal structures, relate to high-level semantics, which may lead to benefits in multiple aspects, e.g. interpretable predictions and even new methods that can take the recognition performances to a next level. Towards this goal, we construct TAPOS, a new dataset developed on sport videos with manual annotations of sub-actions, and conduct a study on temporal action parsing on top. Our study shows that a sport activity usually consists of multiple sub-actions and that the awareness of such temporal structures is beneficial to action recognition. We also investigate a number of temporal parsing methods, and thereon devise an improved method that is capable of mining sub-actions from training data without knowing the labels of them. On the constructed TAPOS, the proposed method is shown to reveal intra-action information, i.e. how action instances are made of sub-actions, and inter-action information, i.e. one specific sub-action may commonly appear in various actions.","[""temporal action segmentation""]","[""Temporal Action Segmentation""]","[""fully-supervised""]","[""unknown""]","[""offline"", ""long-video""]","[""unknown""]",unknown,[],"[""Edit"", ""F1@10"", ""F1@25"", ""F1@50"", ""frame accuracy""]",[],"[""See the original paper for scope and assumptions.""]",The paper predicts temporally dense action labels or contiguous semantic action segments and evaluates temporal segmentation.,True,True,library/pdfs/2020_Preprint_Shao_intra_and_inter_action_understanding_via_temporal_actio.pdf,ada4c27fe835fe71f39a65ad71a6c69b649687071287ab692fc16c0b7c6ce7f3,False,"[""https://arxiv.org/abs/2005.10229""]",2026-07-28,arXiv 2005.10229; first submitted 2020-05-20; last updated 2020-05-20; comment=CVPR 2020 Poster; Project page: https://sdolivia.github.io/TAPOS/; journal_ref=none. No formal conference proceedings placement has been verified.,True,Direct TAS arXiv hit; formal publication status requires first-party proceedings verification.
2020-preprint-evaluating-weakly-supervised-methods,On Evaluating Weakly Supervised Action Segmentation Methods,"[""Yaser Souri"", ""Alexander Richard"", ""Luca Minciullo"", ""Juergen Gall""]",2020,Preprint,Preprint,preprint,,https://arxiv.org/pdf/2005.09743,https://arxiv.org/abs/2005.09743,,,,"Action segmentation is the task of temporally segmenting every frame of an untrimmed video. Weakly supervised approaches to action segmentation, especially from transcripts have been of considerable interest to the computer vision community. In this work, we focus on two aspects of the use and evaluation of weakly supervised action segmentation approaches that are often overlooked: the performance variance over multiple training runs and the impact of selecting feature extractors for this task. To tackle the first problem, we train each method on the Breakfast dataset 5 times and provide average and standard deviation of the results. Our experiments show that the standard deviation over these repetitions is between 1 and 2.5% and significantly affects the comparison between different approaches. Furthermore, our investigation on feature extraction shows that, for the studied weakly-supervised action segmentation methods, higher-level I3D features perform worse than classical IDT features.","[""temporal action segmentation""]","[""Temporal Action Segmentation""]","[""weakly-supervised""]","[""I3D-features""]","[""offline"", ""long-video""]","[""unknown""]",unknown,"[""Breakfast""]","[""Edit"", ""F1@10"", ""F1@25"", ""F1@50"", ""frame accuracy""]",[],"[""See the original paper for scope and assumptions.""]",The paper predicts temporally dense action labels or contiguous semantic action segments and evaluates temporal segmentation.,True,True,library/pdfs/2020_Preprint_Souri_on_evaluating_weakly_supervised_action_segmentation_met.pdf,b54a8690932e157f022773898dee6528263bb1e331a69fc18cd896d04204c398,False,"[""https://arxiv.org/abs/2005.09743""]",2026-07-28,arXiv 2005.09743; first submitted 2020-05-19; last updated 2021-10-21; comment=Technical Report; journal_ref=none. No formal conference proceedings placement has been verified.,True,Direct TAS arXiv hit; formal publication status requires first-party proceedings verification.
2020-preprint-relational-modeling-self-supervision,Temporal Relational Modeling with Self-Supervision for Action Segmentation,"[""Dong Wang"", ""Di Hu"", ""Xingjian Li"", ""Dejing Dou""]",2020,Preprint,Preprint,preprint,,https://arxiv.org/pdf/2012.07508,https://arxiv.org/abs/2012.07508,,,,"Temporal relational modeling in video is essential for human action understanding, such as action recognition and action segmentation. Although Graph Convolution Networks (GCNs) have shown promising advantages in relation reasoning on many tasks, it is still a challenge to apply graph convolution networks on long video sequences effectively. The main reason is that large number of nodes (i.e., video frames) makes GCNs hard to capture and model temporal relations in videos. To tackle this problem, in this paper, we introduce an effective GCN module, Dilated Temporal Graph Reasoning Module (DTGRM), designed to model temporal relations and dependencies between video frames at various time spans. In particular, we capture and model temporal relations via constructing multi-level dilated temporal graphs where the nodes represent frames from different moments in video. Moreover, to enhance temporal reasoning ability of the proposed model, an auxiliary self-supervised task is proposed to encourage the dilated temporal graph reasoning module to find and correct wrong temporal relations in videos. Our DTGRM model outperforms state-of-the-art action segmentation models on three challenging datasets: 50Salads, Georgia Tech Egocentric Activities (GTEA), and the Breakfast dataset. The code is available at https://github.com/redwang/DTGRM.","[""temporal action segmentation""]","[""Temporal Action Segmentation""]","[""self-supervised""]","[""unknown""]","[""egocentric"", ""long-video"", ""offline""]","[""unknown""]",unknown,"[""Breakfast"", ""50Salads"", ""GTEA""]","[""Edit"", ""F1@10"", ""F1@25"", ""F1@50"", ""frame accuracy""]",[],"[""See the original paper for scope and assumptions.""]",The paper predicts temporally dense action labels or contiguous semantic action segments and evaluates temporal segmentation.,True,True,library/pdfs/2020_Preprint_Wang_temporal_relational_modeling_with_self_supervision_for.pdf,4d09bdba69010447a6cfa6cabbb18c2b0a0d733405af03c932386902d0a9a215,False,"[""https://arxiv.org/abs/2012.07508""]",2026-07-28,arXiv 2012.07508; first submitted 2020-12-14; last updated 2020-12-14; comment=Accepted by the Thirty-Fifth AAAI Conference on Artificial Intelligence (AAAI-21); journal_ref=none. No formal conference proceedings placement has been verified.,True,Direct TAS arXiv hit; formal publication status requires first-party proceedings verification.
2020-wacv-mixed-domain-adaptation,Action Segmentation with Mixed Temporal Domain Adaptation,"[""Min-Hung Chen"", ""Baopu Li"", ""Yingze Bao"", ""Ghassan AlRegib""]",2020,WACV,Top-Vision,conference,https://openaccess.thecvf.com/content_WACV_2020/html/Chen_Action_Segmentation_with_Mixed_Temporal_Domain_Adaptation_WACV_2020_paper.html,https://openaccess.thecvf.com/content_WACV_2020/papers/Chen_Action_Segmentation_with_Mixed_Temporal_Domain_Adaptation_WACV_2020_paper.pdf,,,,,"The main progress for action segmentation comes from densely-annotated data for fully-supervised learning. Since manual annotation for frame-level actions is timeconsuming and challenging, we propose to exploit auxiliary unlabeled videos, which are much easier to obtain, by shaping this problem as a domain adaptation (DA) problem. Although various DA techniques have been proposed in recent years, most of them have been developed only for the spatial direction. Therefore, we propose Mixed Temporal Domain Adaptation (MTDA) to jointly align frame- and video-level embedded feature spaces across domains, and further integrate with the domain attention mechanism to focus on aligning the frame-level features with higher domain discrepancy, leading to more effective domain adaptation. Finally, we evaluate our proposed methods on three challenging datasets (GTEA, 50Salads, and Breakfast), and validate that MTDA outperforms the current state-of-the-art methods on all three datasets by large margins (e.g. 6.4% gain on F1@50 and 6.8% gain on the edit score for GTEA).","[""temporal action segmentation""]","[""Temporal Action Segmentation""]","[""fully-supervised""]","[""I3D-features""]","[""offline"", ""long-video""]","[""unknown""]",unknown,"[""Breakfast"", ""50Salads"", ""GTEA""]","[""Edit"", ""F1@10"", ""F1@25"", ""F1@50"", ""frame accuracy""]",[],"[""See the original paper for scope and assumptions.""]",The paper predicts temporally dense action labels or contiguous semantic action segments and evaluates temporal segmentation.,True,True,library/pdfs/2020_WACV_Chen_action_segmentation_with_mixed_temporal_domain_adaptati.pdf,a35fdb12930024be0b63a43b314b025061d3f645ab678f400bac03b9d2260088,True,"[""https://openaccess.thecvf.com/content_WACV_2020/html/Chen_Action_Segmentation_with_Mixed_Temporal_Domain_Adaptation_WACV_2020_paper.html""]",2026-07-28,,False,
2020-wacv-stacked-spatio-graph-convolutional-networks,Stacked Spatio-Temporal Graph Convolutional Networks for Action Segmentation,"[""Pallabi Ghosh"", ""Yi Yao"", ""Larry Davis"", ""Ajay Divakaran""]",2020,WACV,Top-Vision,conference,https://openaccess.thecvf.com/content_WACV_2020/html/Ghosh_Stacked_Spatio-Temporal_Graph_Convolutional_Networks_for_Action_Segmentation_WACV_2020_paper.html,https://openaccess.thecvf.com/content_WACV_2020/papers/Ghosh_Stacked_Spatio-Temporal_Graph_Convolutional_Networks_for_Action_Segmentation_WACV_2020_paper.pdf,,,,,"We propose novel Stacked Spatio-Temporal Graph Convolutional Networks (Stacked-STGCN) for action segmentation, i.e., predicting and localizing a sequence of actions over long videos. We extend the Spatio-Temporal Graph Convolutional Network (STGCN) originally proposed for skeleton-based action recognition to enable nodes with different characteristics (e.g., scene, actor, object, action), feature descriptors with varied lengths, and arbitrary temporal edge connections to account for large graph deformation commonly associated with complex activities. We further introduce the stacked hourglass architecture to STGCN to leverage the advantages of an encoder-decoder design for improved generalization performance and localization accuracy. We explore various descriptors such as frame-level VGG, segment-level I3D, RCNN-based object, etc. as node descriptors to enable action segmentation based on joint inference over comprehensive contextual information. We show results on CAD120 (which provides pre-computed node features and edge weights for fair performance comparison across algorithms) as well as a more complex real world activity dataset, Charades. Our Stacked-STGCN in general achieves improved performance over the state-of-the-art for both CAD120 and Charades. Moreover, due to its generic design, Stacked-STGCN can be applied to a wider range of applications that require structured inference over long sequences with heterogeneous data types and varied temporal extent.","[""temporal action segmentation""]","[""Skeleton-based Temporal Action Segmentation""]","[""fully-supervised""]","[""skeleton"", ""I3D-features""]","[""offline"", ""long-video""]","[""unknown""]",unknown,[],"[""Edit"", ""F1@10"", ""F1@25"", ""F1@50"", ""frame accuracy""]",[],"[""See the original paper for scope and assumptions.""]",The paper predicts temporally dense action labels or contiguous semantic action segments and evaluates temporal segmentation.,True,True,library/pdfs/2020_WACV_Ghosh_stacked_spatio_temporal_graph_convolutional_networks_fo.pdf,2464715b2a16fb05d5b0c55bc8da750d81ee0145e5bc6550306b7c6866238a3f,True,"[""https://openaccess.thecvf.com/content_WACV_2020/html/Ghosh_Stacked_Spatio-Temporal_Graph_Convolutional_Networks_for_Action_Segmentation_WACV_2020_paper.html""]",2026-07-28,,False,
2019-cvpr-d3tw-discriminative-differentiable-dynamic-time,D3TW: Discriminative Differentiable Dynamic Time Warping for Weakly Supervised Action Alignment and Segmentation,"[""Chien-Yi Chang"", ""De-An Huang"", ""Yanan Sui"", ""Li Fei-Fei"", ""Juan Carlos Niebles""]",2019,CVPR,CCF-A,conference,https://openaccess.thecvf.com/content_CVPR_2019/html/Chang_D3TW_Discriminative_Differentiable_Dynamic_Time_Warping_for_Weakly_Supervised_Action_CVPR_2019_paper.html,https://openaccess.thecvf.com/content_CVPR_2019/papers/Chang_D3TW_Discriminative_Differentiable_Dynamic_Time_Warping_for_Weakly_Supervised_Action_CVPR_2019_paper.pdf,,,,,"We address weakly supervised action alignment and segmentation in videos, where only the order of occurring actions is available during training. We propose Discriminative Differentiable Dynamic Time Warping (D3TW), the first discriminative model using weak ordering supervision. The key technical challenge for discriminative modeling with weak supervision is that the loss function of the ordering supervision is usually formulated using dynamic programming and is thus not differentiable. We address this challenge with a continuous relaxation of the min-operator in dynamic programming and extend the alignment loss to be differentiable. The proposed D3TW innovatively solves sequence alignment with discriminative modeling and end-to-end training, which substantially improves the performance in weakly supervised action alignment and segmentation tasks. We show that our model is able to bypass the degenerated sequence problem usually encountered in previous work and outperform the current state-of-the-art across three evaluation metrics in two challenging datasets.","[""temporal action segmentation""]","[""Temporal Action Segmentation""]","[""weakly-supervised""]","[""I3D-features""]","[""offline"", ""long-video""]","[""unknown""]",unknown,[],"[""Edit"", ""F1@10"", ""F1@25"", ""F1@50"", ""frame accuracy""]",[],"[""See the original paper for scope and assumptions.""]",The paper predicts temporally dense action labels or contiguous semantic action segments and evaluates temporal segmentation.,True,True,library/pdfs/2019_CVPR_Chang_d3tw_discriminative_differentiable_dynamic_time_warping.pdf,f0519b2f6050daf2e3320d1d8308d44136919fcc655b1016ea7a60373c91cb1c,True,"[""https://openaccess.thecvf.com/content_CVPR_2019/html/Chang_D3TW_Discriminative_Differentiable_Dynamic_Time_Warping_for_Weakly_Supervised_Action_CVPR_2019_paper.html""]",2026-07-28,,False,
2019-cvpr-ms-tcn-multi-stage-convolutional,MS-TCN: Multi-Stage Temporal Convolutional Network for Action Segmentation,"[""Yazan Abu Farha"", ""Jurgen Gall""]",2019,CVPR,CCF-A,conference,https://openaccess.thecvf.com/content_CVPR_2019/html/Abu_Farha_MS-TCN_Multi-Stage_Temporal_Convolutional_Network_for_Action_Segmentation_CVPR_2019_paper.html,https://openaccess.thecvf.com/content_CVPR_2019/papers/Abu_Farha_MS-TCN_Multi-Stage_Temporal_Convolutional_Network_for_Action_Segmentation_CVPR_2019_paper.pdf,https://arxiv.org/abs/1903.01945,,https://github.com/yabufarha/ms-tcn,,"Temporally locating and classifying action segments in long untrimmed videos is of particular interest to many applications like surveillance and robotics. While traditional approaches follow a two-step pipeline, by generating frame-wise probabilities and then feeding them to high-level temporal models, recent approaches use temporal convolutions to directly classify the video frames. In this paper, we introduce a multi-stage architecture for the temporal action segmentation task. Each stage features a set of dilated temporal convolutions to generate an initial prediction that is refined by the next one. This architecture is trained using a combination of a classification loss and a proposed smoothing loss that penalizes over-segmentation errors. Extensive evaluation shows the effectiveness of the proposed model in capturing long-range dependencies and recognizing action segments. Our model achieves state-of-the-art results on three challenging datasets: 50Salads, Georgia Tech Egocentric Activities (GTEA), and the Breakfast dataset.","[""temporal action segmentation""]","[""Temporal Action Segmentation""]","[""fully-supervised""]","[""I3D-features""]","[""egocentric"", ""long-video"", ""offline""]","[""TCN"", ""multi-stage-TCN""]",unknown,"[""Breakfast"", ""50Salads"", ""GTEA""]","[""Edit"", ""F1@10"", ""F1@25"", ""F1@50"", ""frame accuracy""]",[],"[""See the original paper for scope and assumptions.""]",The paper predicts temporally dense action labels or contiguous semantic action segments and evaluates temporal segmentation.,True,True,library/pdfs/2019_CVPR_Farha_ms_tcn_multi_stage_temporal_convolutional_network_for_a.pdf,9a3a874275189fc024d0b6a8b1707fcd76e0af8f97c31febe543a439bec74e6c,True,"[""https://openaccess.thecvf.com/content_CVPR_2019/html/Abu_Farha_MS-TCN_Multi-Stage_Temporal_Convolutional_Network_for_Action_Segmentation_CVPR_2019_paper.html""]",2026-07-28,,False,
2019-cvpr-unsupervised-learning-classes-continuous-embedding,Unsupervised Learning of Action Classes With Continuous Temporal Embedding,"[""Anna Kukleva"", ""Hilde Kuehne"", ""Fadime Sener"", ""Jurgen Gall""]",2019,CVPR,CCF-A,conference,https://openaccess.thecvf.com/content_CVPR_2019/html/Kukleva_Unsupervised_Learning_of_Action_Classes_With_Continuous_Temporal_Embedding_CVPR_2019_paper.html,https://openaccess.thecvf.com/content_CVPR_2019/papers/Kukleva_Unsupervised_Learning_of_Action_Classes_With_Continuous_Temporal_Embedding_CVPR_2019_paper.pdf,,,,,"The task of temporally detecting and segmenting actions in untrimmed videos has seen an increased attention recently.  One problem in this context arises from the need to define and label action boundaries to create annotations for training which is very time and cost intensive. To address this issue, we propose an unsupervised approach for learning action classes from untrimmed video sequences. To this end, we use a continuous temporal embedding of framewise features to benefit from the sequential nature of activities. Based on the latent space created by the embedding, we identify clusters of temporal segments across  all videos that correspond to semantic meaningful action classes. The approach is evaluated on three challenging datasets, namely the Breakfast dataset, YouTube Instructions, and the 50Salads dataset. While previous works assumed that the videos contain the same high level activity, we furthermore show that the proposed approach can also be applied to a more general setting where the content of the videos is unknown.","[""temporal action segmentation""]","[""Temporal Action Segmentation""]","[""unsupervised""]","[""I3D-features""]","[""offline"", ""long-video""]","[""unknown""]",unknown,"[""Breakfast"", ""50Salads""]","[""Edit"", ""F1@10"", ""F1@25"", ""F1@50"", ""frame accuracy""]",[],"[""See the original paper for scope and assumptions.""]",The paper predicts temporally dense action labels or contiguous semantic action segments and evaluates temporal segmentation.,True,True,library/pdfs/2019_CVPR_Kukleva_unsupervised_learning_of_action_classes_with_continuous.pdf,4b8e1f0be26b68e1ff0ad08b5778154d1bb3c0243f13775f2e685d331d0f7ad6,True,"[""https://openaccess.thecvf.com/content_CVPR_2019/html/Kukleva_Unsupervised_Learning_of_Action_Classes_With_Continuous_Temporal_Embedding_CVPR_2019_paper.html""]",2026-07-28,,False,
2019-iccv-unsupervised-procedure-learning-joint-dynamic,Unsupervised Procedure Learning via Joint Dynamic Summarization,"[""Ehsan Elhamifar"", ""Zwe Naing""]",2019,ICCV,CCF-A,conference,https://openaccess.thecvf.com/content_ICCV_2019/html/Elhamifar_Unsupervised_Procedure_Learning_via_Joint_Dynamic_Summarization_ICCV_2019_paper.html,https://openaccess.thecvf.com/content_ICCV_2019/papers/Elhamifar_Unsupervised_Procedure_Learning_via_Joint_Dynamic_Summarization_ICCV_2019_paper.pdf,,,,,"We address the problem of unsupervised procedure learning from unconstrained instructional videos. Our goal is to produce a summary of the procedure key-steps and their ordering needed to perform a given task, as well as localization of the key-steps in videos. We develop a collaborative sequential subset selection framework, where we build a dynamic model on videos by learning states and transitions between them, where states correspond to different subactivities, including background and procedure steps. To extract procedure key-steps, we develop an optimization framework that finds a sequence of a small number of states that well represents all videos and is compatible with the state transition model. Given that our proposed optimization is non-convex and NP-hard, we develop a fast greedy algorithm whose complexity is linear in the length of the videos and the number of states of the dynamic model, hence, scales to large datasets. Under appropriate conditions on the transition model, our proposed formulation is approximately submodular, hence, comes with performance guarantees. We also present ProceL, a new multimodal dataset of 47.3 hours of videos and their transcripts from diverse tasks, for procedure learning evaluation. By extensive experiments, we show that our framework significantly improves the state of the art performance.","[""temporal action segmentation""]","[""Temporal Action Segmentation""]","[""unsupervised""]","[""video-language"", ""multimodal""]","[""offline"", ""long-video""]","[""unknown""]",unknown,[],"[""Edit"", ""F1@10"", ""F1@25"", ""F1@50"", ""frame accuracy""]",[],"[""See the original paper for scope and assumptions.""]",The paper predicts temporally dense action labels or contiguous semantic action segments and evaluates temporal segmentation.,True,True,library/pdfs/2019_ICCV_Elhamifar_unsupervised_procedure_learning_via_joint_dynamic_summa.pdf,c82e7bf6ca9361a4134a0178a66a2744646f14131259e456f093bbc9d5cd3c04,True,"[""https://openaccess.thecvf.com/content_ICCV_2019/html/Elhamifar_Unsupervised_Procedure_Learning_via_Joint_Dynamic_Summarization_ICCV_2019_paper.html""]",2026-07-28,,False,
2019-iccv-weakly-supervised-energy-based-learning,Weakly Supervised Energy-Based Learning for Action Segmentation,"[""Jun Li"", ""Peng Lei"", ""Sinisa Todorovic""]",2019,ICCV,CCF-A,conference,https://openaccess.thecvf.com/content_ICCV_2019/html/Li_Weakly_Supervised_Energy-Based_Learning_for_Action_Segmentation_ICCV_2019_paper.html,https://openaccess.thecvf.com/content_ICCV_2019/papers/Li_Weakly_Supervised_Energy-Based_Learning_for_Action_Segmentation_ICCV_2019_paper.pdf,,,,,"This paper is about labeling video frames with action classes under weak supervision in training, where we have access to a temporal ordering of actions, but their start and end frames in training videos are unknown. Following prior work, we use an HMM grounded on a Gated Recurrent Unit (GRU) for frame labeling. Our key contribution is a new constrained discriminative forward loss (CDFL) that we use for training the HMM and GRU under weak supervision. While prior work typically estimates the loss on a single, inferred video segmentation, our CDFL discriminates between the energy of all valid and invalid frame labelings of a training video. A valid frame labeling satisfies the ground-truth temporal ordering of actions, whereas an invalid one violates the ground truth. We specify an efficient recursive algorithm for computing the CDFL in terms of the logadd function of the segmentation energy. Our evaluation on action segmentation and alignment gives superior results to those of the state of the art on the benchmark Breakfast Action, Hollywood Extended, and 50Salads datasets.","[""temporal action segmentation""]","[""Temporal Action Segmentation""]","[""weakly-supervised""]","[""I3D-features""]","[""offline"", ""long-video""]","[""unknown""]",unknown,"[""Breakfast"", ""50Salads""]","[""Edit"", ""F1@10"", ""F1@25"", ""F1@50"", ""frame accuracy""]",[],"[""See the original paper for scope and assumptions.""]",The paper predicts temporally dense action labels or contiguous semantic action segments and evaluates temporal segmentation.,True,True,library/pdfs/2019_ICCV_Li_weakly_supervised_energy_based_learning_for_action_segm.pdf,56355aff81749dc9b0415261a5e3a057668b6a2727b3237b70b3e02707c6b55d,True,"[""https://openaccess.thecvf.com/content_ICCV_2019/html/Li_Weakly_Supervised_Energy-Based_Learning_for_Action_Segmentation_ICCV_2019_paper.html""]",2026-07-28,,False,
2019-preprint-hybrid-rnn-hmm-approach-weakly,A Hybrid RNN-HMM Approach for Weakly Supervised Temporal Action Segmentation,"[""Hilde Kuehne"", ""Alexander Richard"", ""Juergen Gall""]",2019,Preprint,Preprint,preprint,,https://arxiv.org/pdf/1906.01028,https://arxiv.org/abs/1906.01028,10.1109/TPAMI.2018.2884469,,,"Action recognition has become a rapidly developing research field within the last decade. But with the increasing demand for large scale data, the need of hand annotated data for the training becomes more and more impractical. One way to avoid frame-based human annotation is the use of action order information to learn the respective action classes. In this context, we propose a hierarchical approach to address the problem of weakly supervised learning of human actions from ordered action labels by structuring recognition in a coarse-to-fine manner. Given a set of videos and an ordered list of the occurring actions, the task is to infer start and end frames of the related action classes within the video and to train the respective action classifiers without any need for hand labeled frame boundaries. We address this problem by combining a framewise RNN model with a coarse probabilistic inference. This combination allows for the temporal alignment of long sequences and thus, for an iterative training of both elements. While this system alone already generates good results, we show that the performance can be further improved by approximating the number of subactions to the characteristics of the different action classes as well as by the introduction of a regularizing length prior. The proposed system is evaluated on two benchmark datasets, the Breakfast and the Hollywood extended dataset, showing a competitive performance on various weak learning tasks such as temporal action segmentation and action alignment.","[""temporal action segmentation""]","[""Temporal Action Segmentation""]","[""weakly-supervised""]","[""unknown""]","[""offline"", ""long-video""]","[""unknown""]",unknown,"[""Breakfast""]","[""Edit"", ""F1@10"", ""F1@25"", ""F1@50"", ""frame accuracy""]",[],"[""See the original paper for scope and assumptions.""]",The paper predicts temporally dense action labels or contiguous semantic action segments and evaluates temporal segmentation.,True,True,library/pdfs/2019_Preprint_Kuehne_a_hybrid_rnn_hmm_approach_for_weakly_supervised_tempora.pdf,a9bad435df1aa8f68aaa5da9e5ab33fdff72bd3e3dcaa01a1edafb28521e1931,False,"[""https://arxiv.org/abs/1906.01028""]",2026-07-28,"arXiv 1906.01028; first submitted 2019-06-03; last updated 2019-06-03; comment=15 pages, preprint for IEEE TPAMI https://ieeexplore.ieee.org/document/8585084 (open access). arXiv admin note: substantial text overlap with arXiv:1703.08132; journal_ref=none. No formal conference proceedings placement has been verified.",True,Direct TAS arXiv hit; formal publication status requires first-party proceedings verification.
2019-preprint-coupled-generative-adversarial-network-continuous,Coupled Generative Adversarial Network for Continuous Fine-grained Action Segmentation,"[""Harshala Gammulle"", ""Tharindu Fernando"", ""Simon Denman"", ""Sridha Sridharan"", ""Clinton Fookes""]",2019,Preprint,Preprint,preprint,,https://arxiv.org/pdf/1909.09283,https://arxiv.org/abs/1909.09283,,,,"We propose a novel conditional GAN (cGAN) model for continuous fine-grained human action segmentation, that utilises multi-modal data and learned scene context information. The proposed approach utilises two GANs: termed Action GAN and Auxiliary GAN, where the Action GAN is trained to operate over the current RGB frame while the Auxiliary GAN utilises supplementary information such as depth or optical flow. The goal of both GANs is to generate similar `action codes', a vector representation of the current action. To facilitate this process a context extractor that incorporates data and recent outputs from both modes is used to extract context information to aid recognition. The result is a recurrent GAN architecture which learns a task specific loss function from multiple feature modalities. Extensive evaluations on variants of the proposed model to show the importance of utilising different information streams such as context and auxiliary information in the proposed network; and show that our model is capable of outperforming state-of-the-art methods for three widely used datasets: 50 Salads, MERL Shopping and Georgia Tech Egocentric Activities, comprising both static and dynamic camera settings.","[""temporal action segmentation""]","[""Temporal Action Segmentation""]","[""fully-supervised""]","[""multimodal"", ""RGB"", ""depth"", ""optical-flow""]","[""egocentric"", ""long-video"", ""offline""]","[""unknown""]",unknown,[],"[""Edit"", ""F1@10"", ""F1@25"", ""F1@50"", ""frame accuracy""]",[],"[""See the original paper for scope and assumptions.""]",The paper predicts temporally dense action labels or contiguous semantic action segments and evaluates temporal segmentation.,True,True,library/pdfs/2019_Preprint_Gammulle_coupled_generative_adversarial_network_for_continuous_f.pdf,a40ebc287a248e3926ed789c54812214771818c15c4111daa83324ded5ee54bd,False,"[""https://arxiv.org/abs/1909.09283""]",2026-07-28,arXiv 1909.09283; first submitted 2019-09-20; last updated 2019-09-20; comment=WACV 2019; journal_ref=none. No formal conference proceedings placement has been verified.,True,Direct TAS arXiv hit; formal publication status requires first-party proceedings verification.
2019-preprint-fine-grained-using-semi-supervised,Fine-grained Action Segmentation using the Semi-Supervised Action GAN,"[""Harshala Gammulle"", ""Simon Denman"", ""Sridha Sridharan"", ""Clinton Fookes""]",2019,Preprint,Preprint,preprint,,https://arxiv.org/pdf/1909.09269,https://arxiv.org/abs/1909.09269,,,,"In this paper we address the problem of continuous fine-grained action segmentation, in which multiple actions are present in an unsegmented video stream. The challenge for this task lies in the need to represent the hierarchical nature of the actions and to detect the transitions between actions, allowing us to localise the actions within the video effectively. We propose a novel recurrent semi-supervised Generative Adversarial Network (GAN) model for continuous fine-grained human action segmentation. Temporal context information is captured via a novel Gated Context Extractor (GCE) module, composed of gated attention units, that directs the queued context information through the generator model, for enhanced action segmentation. The GAN is made to learn features in a semi-supervised manner, enabling the model to perform action classification jointly with the standard, unsupervised, GAN learning procedure. We perform extensive evaluations on different architectural variants to demonstrate the importance of the proposed network architecture, and show that it is capable of outperforming current state-of-the-art on three challenging datasets: 50 Salads, MERL Shopping and Georgia Tech Egocentric Activities dataset.","[""temporal action segmentation""]","[""Temporal Action Segmentation""]","[""semi-supervised""]","[""unknown""]","[""egocentric"", ""long-video"", ""offline""]","[""unknown""]",unknown,[],"[""Edit"", ""F1@10"", ""F1@25"", ""F1@50"", ""frame accuracy""]",[],"[""See the original paper for scope and assumptions.""]",The paper predicts temporally dense action labels or contiguous semantic action segments and evaluates temporal segmentation.,True,True,library/pdfs/2019_Preprint_Gammulle_fine_grained_action_segmentation_using_the_semi_supervi.pdf,5639da6a0eb86ccc3d3c22c288aeef7b043a92d3f3b3d2710b8280a7088b9d11,False,"[""https://arxiv.org/abs/1909.09269""]",2026-07-28,arXiv 1909.09269; first submitted 2019-09-20; last updated 2019-09-20; comment=Published in Pattern Recognition Journal; journal_ref=none. No formal conference proceedings placement has been verified.,True,Direct TAS arXiv hit; formal publication status requires first-party proceedings verification.
2019-preprint-frontal-low-rank-random-tensors,Frontal Low-rank Random Tensors for Fine-grained Action Segmentation,"[""Yan Zhang"", ""Krikamol Muandet"", ""Qianli Ma"", ""Heiko Neumann"", ""Siyu Tang""]",2019,Preprint,Preprint,preprint,,https://arxiv.org/pdf/1906.01004,https://arxiv.org/abs/1906.01004,,,,"Fine-grained action segmentation in long untrimmed videos is an important task for many applications such as surveillance, robotics, and human-computer interaction. To understand subtle and precise actions within a long time period, second-order information (e.g. feature covariance) or higher is reported to be effective in the literature. However, extracting such high-order information is considerably non-trivial. In particular, the dimensionality increases exponentially with the information order, and hence gaining more representation power also increases the computational cost and the risk of overfitting. In this paper, we propose an approach to representing high-order information for temporal action segmentation via a simple yet effective bilinear form. Specifically, our contributions are: (1) From the multilinear perspective, we derive a bilinear form of low complexity, assuming that the three-way tensor has low-rank frontal slices. (2) Rather than learning the tensor entries from data, we sample the entries from different underlying distributions, and prove that the underlying distribution influences the information order. (3) We employed our bilinear form as an intermediate layer in state-of-the-art deep neural networks, enabling to represent high-order information in complex deep models effectively and efficiently. Our experimental results demonstrate that the proposed bilinear form outperforms the previous state-of-the-art methods on the challenging temporal action segmentation task. One can see our project page for data, model and code: \url{https://vlg.inf.ethz.ch/projects/BilinearTCN/}.","[""temporal action segmentation""]","[""Temporal Action Segmentation""]","[""fully-supervised""]","[""unknown""]","[""offline"", ""long-video""]","[""unknown""]",unknown,[],"[""Edit"", ""F1@10"", ""F1@25"", ""F1@50"", ""frame accuracy""]",[],"[""See the original paper for scope and assumptions.""]",The paper predicts temporally dense action labels or contiguous semantic action segments and evaluates temporal segmentation.,True,True,library/pdfs/2019_Preprint_Zhang_frontal_low_rank_random_tensors_for_fine_grained_action.pdf,fc2aca8497874d8f4e95206668ae5ca3f8124c41472a83ff56b75f60e8eddd43,False,"[""https://arxiv.org/abs/1906.01004""]",2026-07-28,"arXiv 1906.01004; first submitted 2019-06-03; last updated 2020-04-06; comment=19 pages (4 pages appendix), 3 figures. Revised theories and models, new experiments; journal_ref=none. No formal conference proceedings placement has been verified.",True,Direct TAS arXiv hit; formal publication status requires first-party proceedings verification.
2018-cvpr-sets-weakly-supervised-without-ordering,Action Sets: Weakly Supervised Action Segmentation Without Ordering Constraints,"[""Alexander Richard"", ""Hilde Kuehne"", ""Juergen Gall""]",2018,CVPR,CCF-A,conference,https://openaccess.thecvf.com/content_cvpr_2018/html/Richard_Action_Sets_Weakly_CVPR_2018_paper.html,https://openaccess.thecvf.com/content_cvpr_2018/papers/Richard_Action_Sets_Weakly_CVPR_2018_paper.pdf,,,,,"Action detection and temporal segmentation of actions in videos are topics of increasing interest. While fully supervised systems have gained much attention lately, full annotation of each action within the video is costly and impractical for large amounts of video data. Thus, weakly supervised action detection and temporal segmentation methods are of great importance. While most works in this area assume an ordered sequence of occurring actions to be given, our approach only uses a set of actions. Such action sets provide much less supervision since neither action ordering nor the number of action occurrences are known. In exchange, they can be easily obtained, for instance, from meta-tags, while ordered sequences still require human annotation. We introduce a system that automatically learns to temporally segment and label actions in a video, where the only supervision that is used are action sets. An evaluation on three datasets shows that our method still achieves good results although the amount of supervision is significantly smaller than for other related methods.","[""temporal action segmentation""]","[""Temporal Action Segmentation""]","[""weakly-supervised""]","[""I3D-features""]","[""offline"", ""long-video""]","[""unknown""]",unknown,[],"[""Edit"", ""F1@10"", ""F1@25"", ""F1@50"", ""frame accuracy""]",[],"[""See the original paper for scope and assumptions.""]",The paper predicts temporally dense action labels or contiguous semantic action segments and evaluates temporal segmentation.,True,True,library/pdfs/2018_CVPR_Richard_action_sets_weakly_supervised_action_segmentation_witho.pdf,18f8580e01a7334e6300778b863244864bef82eeb295c3ce175ef5c3942c0b48,True,"[""https://openaccess.thecvf.com/content_cvpr_2018/html/Richard_Action_Sets_Weakly_CVPR_2018_paper.html""]",2026-07-28,,False,
2018-cvpr-neuralnetwork-viterbi-framework-weakly-supervised,NeuralNetwork-Viterbi: A Framework for Weakly Supervised Video Learning,"[""Alexander Richard"", ""Hilde Kuehne"", ""Ahsan Iqbal"", ""Juergen Gall""]",2018,CVPR,CCF-A,conference,https://openaccess.thecvf.com/content_cvpr_2018/html/Richard_NeuralNetwork-Viterbi_A_Framework_CVPR_2018_paper.html,https://openaccess.thecvf.com/content_cvpr_2018/papers/Richard_NeuralNetwork-Viterbi_A_Framework_CVPR_2018_paper.pdf,,,,,"Video learning is an important task in computer vision and has experienced increasing interest over the recent years. Since even a small amount of videos easily comprises several million frames, methods that do not rely on a frame-level annotation are of special importance. In this work, we propose a novel learning algorithm with a Viterbi-based loss that allows for online and incremental learning of weakly annotated video data. We moreover show that explicit context and length modeling leads to huge improvements in video segmentation and labeling tasks and include these models into our framework. On several action segmentation benchmarks, we obtain an improvement of up to 10% compared to current state-of-the-art methods.","[""temporal action segmentation""]","[""Temporal Action Segmentation""]","[""weakly-supervised""]","[""I3D-features""]","[""long-video"", ""online"", ""streaming""]","[""structured-decoding""]",unknown,[],"[""Edit"", ""F1@10"", ""F1@25"", ""F1@50"", ""frame accuracy""]",[],"[""See the original paper for scope and assumptions.""]",The paper predicts temporally dense action labels or contiguous semantic action segments and evaluates temporal segmentation.,True,True,library/pdfs/2018_CVPR_Richard_neuralnetwork_viterbi_a_framework_for_weakly_supervised.pdf,81c7cc0e58d5933dd0fd2ffe72ea3b85a665cf3aa4dd8a7609eaddd5f3d209a6,True,"[""https://openaccess.thecvf.com/content_cvpr_2018/html/Richard_NeuralNetwork-Viterbi_A_Framework_CVPR_2018_paper.html""]",2026-07-28,,False,
2018-cvpr-unsupervised-learning-complex-activities,Unsupervised Learning and Segmentation of Complex Activities From Video,"[""Fadime Sener"", ""Angela Yao""]",2018,CVPR,CCF-A,conference,https://openaccess.thecvf.com/content_cvpr_2018/html/Sener_Unsupervised_Learning_and_CVPR_2018_paper.html,https://openaccess.thecvf.com/content_cvpr_2018/papers/Sener_Unsupervised_Learning_and_CVPR_2018_paper.pdf,,,,,"This paper presents a new method for unsupervised segmentation of complex activities from video into multiple steps, or sub-activities, without any textual input. We propose an iterative discriminative-generative approach which alternates between discriminatively learning the appearance of sub-activities from the videos' visual features to sub-activity labels and generatively modelling the temporal structure of sub-activities using a Generalized Mallows Model. In addition, we introduce a model for background to account for frames unrelated to the actual activities. Our approach is validated on the challenging Breakfast Actions and Inria Instructional Videos datasets and outperforms both unsupervised and weakly-supervised state of the art.","[""temporal action segmentation""]","[""Temporal Action Segmentation""]","[""weakly-supervised""]","[""I3D-features""]","[""offline"", ""long-video""]","[""unknown""]",unknown,"[""Breakfast""]","[""Edit"", ""F1@10"", ""F1@25"", ""F1@50"", ""frame accuracy""]",[],"[""See the original paper for scope and assumptions.""]",The paper predicts temporally dense action labels or contiguous semantic action segments and evaluates temporal segmentation.,True,True,library/pdfs/2018_CVPR_Sener_unsupervised_learning_and_segmentation_of_complex_activ.pdf,e7ae9faceb5424740be460cb5c824b069b1cd8c1caba594978e98f1e8316fbf5,True,"[""https://openaccess.thecvf.com/content_cvpr_2018/html/Sener_Unsupervised_Learning_and_CVPR_2018_paper.html""]",2026-07-28,,False,
2018-cvpr-weakly-supervised-iterative-soft-boundary,Weakly-Supervised Action Segmentation With Iterative Soft Boundary Assignment,"[""Li Ding"", ""Chenliang Xu""]",2018,CVPR,CCF-A,conference,https://openaccess.thecvf.com/content_cvpr_2018/html/Ding_Weakly-Supervised_Action_Segmentation_CVPR_2018_paper.html,https://openaccess.thecvf.com/content_cvpr_2018/papers/Ding_Weakly-Supervised_Action_Segmentation_CVPR_2018_paper.pdf,,,,,"In this work, we address the task of weakly-supervised human action segmentation in long, untrimmed videos. Recent methods have relied on expensive learning models, such as Recurrent Neural Networks (RNN) and Hidden Markov Models (HMM). However, these methods suffer from expensive computational cost, thus are unable to be deployed in large scale. To overcome the limitations, the keys to our design are efficiency and scalability. We propose a novel action modeling framework, which consists of a new temporal convolutional network, named Temporal Convolutional Feature Pyramid Network (TCFPN), for predicting frame-wise action labels, and a novel training strategy for weakly-supervised sequence modeling, named Iterative Soft Boundary Assignment (ISBA), to align action sequences and update the network in an iterative fashion. The proposed framework is evaluated on two benchmark datasets, Breakfast and Hollywood Extended, with four different evaluation metrics. Extensive experimental results show that our methods achieve competitive or superior performance to state-of-the-art methods.","[""temporal action segmentation""]","[""Temporal Action Segmentation""]","[""weakly-supervised""]","[""I3D-features""]","[""offline"", ""long-video""]","[""boundary-modeling"", ""TCN""]",unknown,"[""Breakfast""]","[""Edit"", ""F1@10"", ""F1@25"", ""F1@50"", ""frame accuracy""]",[],"[""See the original paper for scope and assumptions.""]",The paper predicts temporally dense action labels or contiguous semantic action segments and evaluates temporal segmentation.,True,True,library/pdfs/2018_CVPR_Ding_weakly_supervised_action_segmentation_with_iterative_so.pdf,ea77b5e325894ee437a652c91c3d38d5053a508c882c10ae8430ad222b6f86f5,True,"[""https://openaccess.thecvf.com/content_cvpr_2018/html/Ding_Weakly-Supervised_Action_Segmentation_CVPR_2018_paper.html""]",2026-07-28,,False,
2018-preprint-end-end-fine-grained-recognition,End-to-End Fine-Grained Action Segmentation and Recognition Using Conditional Random Field Models and Discriminative Sparse Coding,"[""Effrosyni Mavroudi"", ""Divya Bhaskara"", ""Shahin Sefati"", ""Haider Ali"", ""René Vidal""]",2018,Preprint,Preprint,preprint,,https://arxiv.org/pdf/1801.09571,https://arxiv.org/abs/1801.09571,,,,"Fine-grained action segmentation and recognition is an important yet challenging task. Given a long, untrimmed sequence of kinematic data, the task is to classify the action at each time frame and segment the time series into the correct sequence of actions. In this paper, we propose a novel framework that combines a temporal Conditional Random Field (CRF) model with a powerful frame-level representation based on discriminative sparse coding. We introduce an end-to-end algorithm for jointly learning the weights of the CRF model, which include action classification and action transition costs, as well as an overcomplete dictionary of mid-level action primitives. This results in a CRF model that is driven by sparse coding features obtained using a discriminative dictionary that is shared among different actions and adapted to the task of structured output learning. We evaluate our method on three surgical tasks using kinematic data from the JIGSAWS dataset, as well as on a food preparation task using accelerometer data from the 50 Salads dataset. Our results show that the proposed method performs on par or better than state-of-the-art methods.","[""temporal action segmentation""]","[""Temporal Action Segmentation""]","[""fully-supervised""]","[""unknown""]","[""offline"", ""long-video""]","[""unknown""]",unknown,[],"[""Edit"", ""F1@10"", ""F1@25"", ""F1@50"", ""frame accuracy""]",[],"[""See the original paper for scope and assumptions.""]",The paper predicts temporally dense action labels or contiguous semantic action segments and evaluates temporal segmentation.,True,True,library/pdfs/2018_Preprint_Mavroudi_end_to_end_fine_grained_action_segmentation_and_recogni.pdf,631a3490a273a43801dfbc78e683141b22454a97ac0922d4a2cd0323872eb3c6,False,"[""https://arxiv.org/abs/1801.09571""]",2026-07-28,arXiv 1801.09571; first submitted 2018-01-29; last updated 2018-01-29; comment=Camera ready version accepted at WACV 2018; journal_ref=none. No formal conference proceedings placement has been verified.,True,Direct TAS arXiv hit; formal publication status requires first-party proceedings verification.
2018-preprint-local-bilinear-pooling-fine-grained,Local Temporal Bilinear Pooling for Fine-grained Action Parsing,"[""Yan Zhang"", ""Siyu Tang"", ""Krikamol Muandet"", ""Christian Jarvers"", ""Heiko Neumann""]",2018,Preprint,Preprint,preprint,,https://arxiv.org/pdf/1812.01922,https://arxiv.org/abs/1812.01922,,,,"Fine-grained temporal action parsing is important in many applications, such as daily activity understanding, human motion analysis, surgical robotics and others requiring subtle and precise operations in a long-term period. In this paper we propose a novel bilinear pooling operation, which is used in intermediate layers of a temporal convolutional encoder-decoder net. In contrast to other work, our proposed bilinear pooling is learnable and hence can capture more complex local statistics than the conventional counterpart. In addition, we introduce exact lower-dimension representations of our bilinear forms, so that the dimensionality is reduced with neither information loss nor extra computation. We perform intensive experiments to quantitatively analyze our model and show the superior performances to other state-of-the-art work on various datasets.","[""temporal action segmentation""]","[""Temporal Action Segmentation""]","[""fully-supervised""]","[""unknown""]","[""offline"", ""long-video""]","[""TCN""]",unknown,[],"[""Edit"", ""F1@10"", ""F1@25"", ""F1@50"", ""frame accuracy""]",[],"[""See the original paper for scope and assumptions.""]",The paper predicts temporally dense action labels or contiguous semantic action segments and evaluates temporal segmentation.,True,True,library/pdfs/2018_Preprint_Zhang_local_temporal_bilinear_pooling_for_fine_grained_action.pdf,e4577a444719d6b01c80fad758e243014d46e77ac514ab7a7d63f3292c6cdaea,False,"[""https://arxiv.org/abs/1812.01922""]",2026-07-28,"arXiv 1812.01922; first submitted 2018-12-05; last updated 2019-05-26; comment=11 pages, 2 figures. Cam.R; journal_ref=none. No formal conference proceedings placement has been verified.",True,Direct TAS arXiv hit; formal publication status requires first-party proceedings verification.
2018-preprint-human-dynamic-clustering,Temporal Human Action Segmentation via Dynamic Clustering,"[""Yan Zhang"", ""He Sun"", ""Siyu Tang"", ""Heiko Neumann""]",2018,Preprint,Preprint,preprint,,https://arxiv.org/pdf/1803.05790,https://arxiv.org/abs/1803.05790,,,,"We present an effective dynamic clustering algorithm for the task of temporal human action segmentation, which has comprehensive applications such as robotics, motion analysis, and patient monitoring. Our proposed algorithm is unsupervised, fast, generic to process various types of features, and applicable in both the online and offline settings. We perform extensive experiments of processing data streams, and show that our algorithm achieves the state-of-the-art results for both online and offline settings.","[""temporal action segmentation""]","[""Temporal Action Segmentation""]","[""unsupervised""]","[""unknown""]","[""long-video"", ""online"", ""streaming""]","[""clustering""]",unknown,[],"[""Edit"", ""F1@10"", ""F1@25"", ""F1@50"", ""frame accuracy""]",[],"[""See the original paper for scope and assumptions.""]",The paper predicts temporally dense action labels or contiguous semantic action segments and evaluates temporal segmentation.,True,True,library/pdfs/2018_Preprint_Zhang_temporal_human_action_segmentation_via_dynamic_clusteri.pdf,dd44a20f1e41aa88e9dd7be09dcb6d0ea1f6439e951756270a96a58a5fd49dc4,False,"[""https://arxiv.org/abs/1803.05790""]",2026-07-28,"arXiv 1803.05790; first submitted 2018-03-15; last updated 2018-03-18; comment=comparing with the 1st version, only corrected typos; journal_ref=none. No formal conference proceedings placement has been verified.",True,Direct TAS arXiv hit; formal publication status requires first-party proceedings verification.
2017-cvpr-convolutional-networks-detection,Temporal Convolutional Networks for Action Segmentation and Detection,"[""Colin Lea"", ""Michael D. Flynn"", ""Rene Vidal"", ""Austin Reiter"", ""Gregory D. Hager""]",2017,CVPR,CCF-A,conference,https://openaccess.thecvf.com/content_cvpr_2017/html/Lea_Temporal_Convolutional_Networks_CVPR_2017_paper.html,https://openaccess.thecvf.com/content_cvpr_2017/papers/Lea_Temporal_Convolutional_Networks_CVPR_2017_paper.pdf,https://arxiv.org/abs/1611.05267,,,,"The ability to identify and temporally segment fine-grained human actions throughout a video is crucial for robotics, surveillance, education, and beyond. Typical approaches decouple this problem by first extracting local spatiotemporal features from video frames and then feeding them into a temporal classifier that captures high-level temporal patterns. We describe a class of temporal models, which we call Temporal Convolutional Networks (TCNs), that use a hierarchy of temporal convolutions to perform fine-grained action segmentation or detection. Our Encoder-Decoder TCN uses pooling and upsampling to efficiently capture long-range temporal patterns whereas our Dilated TCN uses dilated convolutions. We show that TCNs are capable of capturing action compositions, segment durations, and long-range dependencies, and are over a magnitude faster to train than competing LSTM-based Recurrent Neural Networks. We apply these models to three challenging fine-grained datasets and show large improvements over the state of the art.","[""temporal action segmentation""]","[""Temporal Action Segmentation""]","[""fully-supervised""]","[""I3D-features""]","[""offline"", ""long-video""]","[""duration-modeling"", ""TCN""]",unknown,[],"[""Edit"", ""F1@10"", ""F1@25"", ""F1@50"", ""frame accuracy""]",[],"[""See the original paper for scope and assumptions.""]",The paper predicts temporally dense action labels or contiguous semantic action segments and evaluates temporal segmentation.,True,True,library/pdfs/2017_CVPR_Lea_temporal_convolutional_networks_for_action_segmentation.pdf,009ed1921b987dd6d2d614d9b6b0d5dd759899590211d34c0bb86ce0980d70cb,True,"[""https://openaccess.thecvf.com/content_cvpr_2017/html/Lea_Temporal_Convolutional_Networks_CVPR_2017_paper.html""]",2026-07-28,,False,
2017-cvpr-weakly-supervised-learning-rnn-based,Weakly Supervised Action Learning With RNN Based Fine-To-Coarse Modeling,"[""Alexander Richard"", ""Hilde Kuehne"", ""Juergen Gall""]",2017,CVPR,CCF-A,conference,https://openaccess.thecvf.com/content_cvpr_2017/html/Richard_Weakly_Supervised_Action_CVPR_2017_paper.html,https://openaccess.thecvf.com/content_cvpr_2017/papers/Richard_Weakly_Supervised_Action_CVPR_2017_paper.pdf,,,,,"We present an approach for weakly supervised learning of human actions. Given a set of videos and an ordered list of the occurring actions, the goal is to infer start and end frames of the related action classes within the video and to train the respective action classifiers without any need for hand labeled frame boundaries. To address this task, we propose a combination of a discriminative representation of subactions, modeled by a recurrent neural network, and a coarse probabilistic model to allow for a temporal alignment and inference over long sequences. While this system alone already generates good results, we show that the performance can be further improved by approximating the number of subactions to the characteristics of the different action classes. To this end, we adapt the number of subaction classes by iterating realignment and reestimation during training. The proposed system is evaluated on two benchmark datasets, the Breakfast and the Hollywood extended dataset, showing a competitive performance on various weak learning tasks such as temporal action segmentation and action alignment.","[""temporal action segmentation""]","[""Temporal Action Segmentation""]","[""weakly-supervised""]","[""I3D-features""]","[""offline"", ""long-video""]","[""unknown""]",unknown,"[""Breakfast""]","[""Edit"", ""F1@10"", ""F1@25"", ""F1@50"", ""frame accuracy""]",[],"[""See the original paper for scope and assumptions.""]",The paper predicts temporally dense action labels or contiguous semantic action segments and evaluates temporal segmentation.,True,True,library/pdfs/2017_CVPR_Richard_weakly_supervised_action_learning_with_rnn_based_fine_t.pdf,afe0aacb4351a21b908f9cd2e2ab9632614e79501e9a800fc6510010a4f97486,True,"[""https://openaccess.thecvf.com/content_cvpr_2017/html/Richard_Weakly_Supervised_Action_CVPR_2017_paper.html""]",2026-07-28,,False,
2017-preprint-tricornet-hybrid-convolutional-recurrent-network,TricorNet: A Hybrid Temporal Convolutional and Recurrent Network for Video Action Segmentation,"[""Li Ding"", ""Chenliang Xu""]",2017,Preprint,Preprint,preprint,,https://arxiv.org/pdf/1705.07818,https://arxiv.org/abs/1705.07818,,,,"Action segmentation as a milestone towards building automatic systems to understand untrimmed videos has received considerable attention in the recent years. It is typically being modeled as a sequence labeling problem but contains intrinsic and sufficient differences than text parsing or speech processing. In this paper, we introduce a novel hybrid temporal convolutional and recurrent network (TricorNet), which has an encoder-decoder architecture: the encoder consists of a hierarchy of temporal convolutional kernels that capture the local motion changes of different actions; the decoder is a hierarchy of recurrent neural networks that are able to learn and memorize long-term action dependencies after the encoding stage. Our model is simple but extremely effective in terms of video sequence labeling. The experimental results on three public action segmentation datasets have shown that the proposed model achieves superior performance over the state of the art.","[""temporal action segmentation""]","[""Temporal Action Segmentation""]","[""fully-supervised""]","[""unknown""]","[""offline"", ""long-video""]","[""TCN""]",unknown,[],"[""Edit"", ""F1@10"", ""F1@25"", ""F1@50"", ""frame accuracy""]",[],"[""See the original paper for scope and assumptions.""]",The paper predicts temporally dense action labels or contiguous semantic action segments and evaluates temporal segmentation.,True,True,library/pdfs/2017_Preprint_Ding_tricornet_a_hybrid_temporal_convolutional_and_recurrent.pdf,3acf20bf69eefed0686981f7235c622e383af2128a3db2eb03d999cb8d4ababc,False,"[""https://arxiv.org/abs/1705.07818""]",2026-07-28,arXiv 1705.07818; first submitted 2017-05-22; last updated 2017-05-22; comment=none; journal_ref=none. No formal conference proceedings placement has been verified.,True,Direct TAS arXiv hit; formal publication status requires first-party proceedings verification.
2016-cvpr-unsupervised-learning-narrated-instruction-videos,Unsupervised Learning From Narrated Instruction Videos,"[""Jean-Baptiste Alayrac"", ""Piotr Bojanowski"", ""Nishant Agrawal"", ""Josef Sivic"", ""Ivan Laptev"", ""Simon Lacoste-Julien""]",2016,CVPR,CCF-A,conference,https://openaccess.thecvf.com/content_cvpr_2016/html/Alayrac_Unsupervised_Learning_From_CVPR_2016_paper.html,https://openaccess.thecvf.com/content_cvpr_2016/papers/Alayrac_Unsupervised_Learning_From_CVPR_2016_paper.pdf,,,,,"We address the problem of automatically learning the main steps to complete a certain task, such as changing a car tire, from a set of narrated instruction videos. The contributions of this paper are three-fold. First, we develop a new unsupervised learning approach that takes advantage of the complementary nature of the input video and the associated narration. The method solves two clustering problems, one in text and one in video, applied one after each other and linked by joint constraints to obtain a single coherent sequence of steps in both modalities. Second, we collect and annotate a new challenging dataset of real-world instruction videos from the Internet. The dataset contains about 800,000 frames for five different tasks that include complex interactions between people and objects, and are captured in a variety of indoor and outdoor settings. Third, we experimentally demonstrate that the proposed method can automatically discover, in an unsupervised manner, the main steps to achieve the task and locate the steps in the input videos.","[""temporal action segmentation""]","[""Temporal Action Segmentation""]","[""unsupervised""]","[""I3D-features""]","[""offline"", ""long-video""]","[""clustering""]",unknown,[],"[""Edit"", ""F1@10"", ""F1@25"", ""F1@50"", ""frame accuracy""]",[],"[""See the original paper for scope and assumptions.""]",The paper predicts temporally dense action labels or contiguous semantic action segments and evaluates temporal segmentation.,True,True,library/pdfs/2016_CVPR_Alayrac_unsupervised_learning_from_narrated_instruction_videos.pdf,db9586be4766837458714c9f88def26ec01ba0e046c40d4c2f6342630698da6d,True,"[""https://openaccess.thecvf.com/content_cvpr_2016/html/Alayrac_Unsupervised_Learning_From_CVPR_2016_paper.html""]",2026-07-28,,False,
2016-eccv-connectionist-modeling-weakly-supervised-labeling,Connectionist Temporal Modeling for Weakly Supervised Action Labeling,"[""De-An Huang"", ""Fei-Fei Li"", ""Juan Carlos Niebles""]",2016,ECCV,Top-Vision,conference,https://www.ecva.net/papers/eccv_2016/papers_ECCV/html/Huang_Connectionist_Temporal_Modeling_ECCV_2016_paper.php,https://www.ecva.net/papers/eccv_2016/papers_ECCV/papers/123560511.pdf,,,,,unknown,"[""temporal action segmentation""]","[""Temporal Action Segmentation""]","[""weakly-supervised""]","[""unknown""]","[""offline"", ""long-video""]","[""TCN"", ""structured-decoding""]",unknown,[],"[""Edit"", ""F1@10"", ""F1@25"", ""F1@50"", ""frame accuracy""]",[],"[""See the original paper for scope and assumptions.""]",The paper predicts temporally dense action labels or contiguous semantic action segments and evaluates temporal segmentation.,True,False,,,True,"[""https://www.ecva.net/papers/eccv_2016/papers_ECCV/html/Huang_Connectionist_Temporal_Modeling_ECCV_2016_paper.php""]",2026-07-28,,False,
2016-preprint-segmental-spatiotemporal-cnns-fine-grained,Segmental Spatiotemporal CNNs for Fine-grained Action Segmentation,"[""Colin Lea"", ""Austin Reiter"", ""Rene Vidal"", ""Gregory D. Hager""]",2016,Preprint,Preprint,preprint,,https://arxiv.org/pdf/1602.02995,https://arxiv.org/abs/1602.02995,,,,"Joint segmentation and classification of fine-grained actions is important for applications of human-robot interaction, video surveillance, and human skill evaluation. However, despite substantial recent progress in large-scale action classification, the performance of state-of-the-art fine-grained action recognition approaches remains low. We propose a model for action segmentation which combines low-level spatiotemporal features with a high-level segmental classifier. Our spatiotemporal CNN is comprised of a spatial component that uses convolutional filters to capture information about objects and their relationships, and a temporal component that uses large 1D convolutional filters to capture information about how object relationships change across time. These features are used in tandem with a semi-Markov model that models transitions from one action to another. We introduce an efficient constrained segmental inference algorithm for this model that is orders of magnitude faster than the current approach. We highlight the effectiveness of our Segmental Spatiotemporal CNN on cooking and surgical action datasets for which we observe substantially improved performance relative to recent baseline methods.","[""temporal action segmentation""]","[""Temporal Action Segmentation""]","[""fully-supervised""]","[""unknown""]","[""offline"", ""long-video""]","[""unknown""]",unknown,[],"[""Edit"", ""F1@10"", ""F1@25"", ""F1@50"", ""frame accuracy""]",[],"[""See the original paper for scope and assumptions.""]",The paper predicts temporally dense action labels or contiguous semantic action segments and evaluates temporal segmentation.,True,True,library/pdfs/2016_Preprint_Lea_segmental_spatiotemporal_cnns_for_fine_grained_action_s.pdf,8414470ccba4340f36fc74ea7804cccdc4909ad499c6906b74ef5b853d3afa33,False,"[""https://arxiv.org/abs/1602.02995""]",2026-07-28,arXiv 1602.02995; first submitted 2016-02-09; last updated 2016-09-30; comment=Updated from the ECCV 2016 version. We fixed an important mathematical error and made the section on segmental inference clearer; journal_ref=none. No formal conference proceedings placement has been verified.,True,Direct TAS arXiv hit; formal publication status requires first-party proceedings verification.
2015-cvpr-human-hierarchical-supervoxel-consistency,Human Action Segmentation With Hierarchical Supervoxel Consistency,"[""Jiasen Lu"", ""ran Xu"", ""Jason J. Corso""]",2015,CVPR,Related-but-not-core,conference,https://openaccess.thecvf.com/content_cvpr_2015/html/Lu_Human_Action_Segmentation_2015_CVPR_paper.html,https://openaccess.thecvf.com/content_cvpr_2015/papers/Lu_Human_Action_Segmentation_2015_CVPR_paper.pdf,,,,,"Detailed analysis of human action, such as action classification, detection and  localization has received increasing attention from the community; datasets like JHMDB have made it plausible to conduct studies analyzing the impact that such deeper information has on the greater action understanding problem.  However, detailed automatic segmentation of human action has comparatively been unexplored.  In this paper, we take a step in that direction and propose a hierarchical MRF model to bridge low-level video fragments with high-level human motion and appearance; novel higher-order potentials connect different levels of the supervoxel hierarchy to enforce the consistency of the human segmentation by pulling from different segment-scales.  Our single layer model significantly outperforms the current state-of-the-art on actionness,  and our full model improves upon the single layer baselines in action segmentation.","[""temporal action segmentation""]","[""Spatial human action segmentation""]","[""fully-supervised""]","[""I3D-features""]","[""offline"", ""long-video""]","[""unknown""]",unknown,[],"[""Edit"", ""F1@10"", ""F1@25"", ""F1@50"", ""frame accuracy""]",[],"[""See the original paper for scope and assumptions.""]",This work segments the human/action region in video using supervoxels and actionness rather than assigning semantic action labels densely along the temporal axis.,False,True,library/pdfs/2015_CVPR_Lu_human_action_segmentation_with_hierarchical_supervoxel.pdf,bfe565d93b5908f502337e4f35fd91876c47d706de32b722b6156568f440031a,True,"[""https://openaccess.thecvf.com/content_cvpr_2015/html/Lu_Human_Action_Segmentation_2015_CVPR_paper.html""]",2026-07-28,Excluded from core TAS: spatial action-region segmentation.,False,
2015-iccv-unsupervised-semantic-parsing-collections,Unsupervised Semantic Parsing of Video Collections,"[""Ozan Sener"", ""Amir R. Zamir"", ""Silvio Savarese"", ""Ashutosh Saxena""]",2015,ICCV,CCF-A,conference,https://openaccess.thecvf.com/content_iccv_2015/html/Sener_Unsupervised_Semantic_Parsing_ICCV_2015_paper.html,https://openaccess.thecvf.com/content_iccv_2015/papers/Sener_Unsupervised_Semantic_Parsing_ICCV_2015_paper.pdf,,,,,"Human communication typically has an underlying structure. This is reflected in the fact that in many user generated videos, a starting point, ending, and certain objective steps between these two can be identified. In this paper, we propose a method for parsing a video into such semantic steps in an unsupervised way. The proposed method is capable of providing a semantic ``storyline'' of the video composed of its objective steps. We accomplish this utilizing both visual and language cues in a joint generative model. The proposed method can also provide a textual description for each of identified semantic steps and video segments. We evaluate this method on a large number of complex YouTube videos and show results of unprecedented quality for this new and impactful problem.","[""temporal action segmentation""]","[""Temporal Action Segmentation""]","[""unsupervised""]","[""I3D-features""]","[""offline"", ""long-video""]","[""unknown""]",unknown,[],"[""Edit"", ""F1@10"", ""F1@25"", ""F1@50"", ""frame accuracy""]",[],"[""See the original paper for scope and assumptions.""]",The paper predicts temporally dense action labels or contiguous semantic action segments and evaluates temporal segmentation.,True,True,library/pdfs/2015_ICCV_Sener_unsupervised_semantic_parsing_of_video_collections.pdf,254b427b0aad1d578ad065c9c7ea24a412b9bff3ef7d7ecec4d3aa93fd2693c6,True,"[""https://openaccess.thecvf.com/content_iccv_2015/html/Sener_Unsupervised_Semantic_Parsing_ICCV_2015_paper.html""]",2026-07-28,,False,
2014-cvpr-leveraging-hierarchical-parametric-networks-skeletal,Leveraging Hierarchical Parametric Networks for Skeletal Joints Based Action Segmentation and Recognition,"[""Di Wu"", ""Ling Shao""]",2014,CVPR,CCF-A,conference,https://openaccess.thecvf.com/content_cvpr_2014/html/Wu_Leveraging_Hierarchical_Parametric_2014_CVPR_paper.html,https://openaccess.thecvf.com/content_cvpr_2014/papers/Wu_Leveraging_Hierarchical_Parametric_2014_CVPR_paper.pdf,,,,,"Over the last few years, with the immense popularity of the Kinect, there has been renewed interest in developing methods for human gesture and action recognition from 3D skeletal data. A number of approaches have been proposed to extract representative features from 3D skeletal data, most commonly hard wired geometric or bio-inspired shape context features. We propose a hierarchial dynamic framework that first extracts high level skeletal joints features and then uses the learned representation for estimating emission probability to infer action sequences. Currently gaussian mixture models are the dominant technique for modeling the emission distribution of hidden Markov models. We show that better action recognition using skeletal features can be achieved by replacing gaussian mixture models by deep neural networks that contain many layers of features to predict probability distributions over states of hidden Markov models. The framework can be easily extended to include a ergodic state to segment and recognize actions simultaneously.","[""temporal action segmentation""]","[""Temporal Action Segmentation""]","[""fully-supervised""]","[""I3D-features"", ""IMU""]","[""offline"", ""long-video""]","[""unknown""]",unknown,[],"[""Edit"", ""F1@10"", ""F1@25"", ""F1@50"", ""frame accuracy""]",[],"[""See the original paper for scope and assumptions.""]",The paper predicts temporally dense action labels or contiguous semantic action segments and evaluates temporal segmentation.,True,True,library/pdfs/2014_CVPR_Wu_leveraging_hierarchical_parametric_networks_for_skeleta.pdf,1510aef74a53c6feb58118b9c9c0856b3417fa8c7cf38c7b40cdd6ca09181365,True,"[""https://openaccess.thecvf.com/content_cvpr_2014/html/Wu_Leveraging_Hierarchical_Parametric_2014_CVPR_paper.html""]",2026-07-28,,False,
2014-cvpr-language-actions-recovering-syntax-semantics,The Language of Actions: Recovering the Syntax and Semantics of Goal-Directed Human Activities,"[""Hilde Kuehne"", ""Ali Arslan"", ""Thomas Serre""]",2014,CVPR,Related-but-not-core,conference,https://openaccess.thecvf.com/content_cvpr_2014/html/Kuehne_The_Language_of_2014_CVPR_paper.html,https://openaccess.thecvf.com/content_cvpr_2014/papers/Kuehne_The_Language_of_2014_CVPR_paper.pdf,,,,,"This paper describes a framework for modeling human activities as temporally structured processes. Our approach is motivated by the inherently hierarchical nature of human activities and the close correspondence between human actions and speech: We model action units using Hidden Markov Models, much like words in speech. These action units then form the building blocks to model complex human activities as sentences using an action grammar.    To evaluate our approach, we collected a large dataset of daily cooking activities: The dataset includes a total of 52 participants, each performing a total of 10 cooking activities in multiple real-life kitchens, resulting in over 77 hours of video footage. We evaluate the HTK toolkit, a state-of-the-art speech recognition engine, in combination with multiple video feature descriptors, for both the recognition of cooking activities (e.g., making pancakes) as well as the semantic parsing of videos into action units (e.g., cracking eggs). Our results demonstrate the benefits of structured temporal generative approaches over existing discriminative approaches in coping with the complexity of human daily life activities.","[""temporal action segmentation""]","[""Dataset / benchmark""]","[""fully-supervised""]","[""I3D-features""]","[""offline"", ""long-video""]","[""structured-decoding""]",unknown,[],"[""Edit"", ""F1@10"", ""F1@25"", ""F1@50"", ""frame accuracy""]",[],"[""See the original paper for scope and assumptions.""]","This dataset paper directly enabled or standardized temporal action/step segmentation evaluation, but its primary contribution is a benchmark rather than a core TAS method.",False,True,library/pdfs/2014_CVPR_Kuehne_the_language_of_actions_recovering_the_syntax_and_seman.pdf,79ea90c0870d5e1e29b880a953555fe8d9dbd2b825f0f46e13d28d51c33e138f,True,"[""https://openaccess.thecvf.com/content_cvpr_2014/html/Kuehne_The_Language_of_2014_CVPR_paper.html""]",2026-07-28,,False,
